Year,Tm,BA,OBP,SLG,OPS,BAbip,HR%,SO%,BB%,LD%,GB%,FB%,GB/FB,WPA,cWPA,RE24,playoff_status
2021,Arizona Diamondbacks,0.267,0.339,0.468,0.807,0.303,3.7%,19.7%,8.9%,24.2%,39.8%,27.4%,0.68,-18.6,-2.1%,-163.6,0
2021,Atlanta Braves,0.234,0.308,0.392,0.700,0.283,3.1%,23.8%,8.7%,24.1%,43.3%,24.5%,0.79,8.4,6.3%,96.6,1
2021,Baltimore Orioles,0.273,0.344,0.473,0.817,0.306,4.1%,19.7%,9.0%,24.5%,39.8%,27.0%,0.67,-16.4,-0.1%,-211.6,0
2021,Boston Red Sox,0.258,0.332,0.417,0.749,0.324,2.9%,24.8%,8.9%,23.4%,44.2%,24.3%,0.80,5.3,4.3%,33.4,1
2021,Chicago Cubs,0.255,0.338,0.442,0.780,0.297,3.8%,21.9%,9.6%,24.0%,44.5%,24.2%,0.83,-5.8,2.7%,-106.7,0
2021,Chicago White Sox,0.229,0.298,0.381,0.679,0.289,3.1%,27.1%,8.3%,23.1%,41.1%,26.7%,0.71,7.9,4.7%,105.0,1
2021,Cincinnati Reds,0.244,0.327,0.417,0.744,0.300,3.3%,24.6%,10.0%,23.1%,43.8%,24.5%,0.80,7.4,3.7%,33.7,0
2021,Cleveland Indians,0.240,0.313,0.417,0.730,0.283,3.6%,23.3%,8.8%,24.2%,42.5%,26.0%,0.75,3.6,1.2%,16.6,0
2021,Colorado Rockies,0.260,0.332,0.435,0.767,0.304,3.2%,21.0%,8.9%,24.0%,44.3%,24.7%,0.82,-3.0,-1.9%,-28.3,0
2021,Detroit Tigers,0.252,0.329,0.419,0.748,0.290,3.2%,20.4%,9.3%,22.6%,44.4%,25.5%,0.81,2.7,-0.5%,-17.0,0
2021,Houston Astros,0.228,0.306,0.382,0.688,0.276,3.1%,24.0%,9.1%,22.6%,44.7%,25.1%,0.82,9.4,8.0%,108.0,1
2021,Kansas City Royals,0.254,0.332,0.415,0.747,0.302,3.1%,21.9%,9.7%,24.8%,42.5%,25.4%,0.75,-2.6,-1.1%,-28.0,0
2021,Los Angeles Angels,0.251,0.330,0.410,0.740,0.306,3.0%,23.5%,9.6%,23.8%,44.4%,24.7%,0.81,0.0,-1.0%,-51.7,0
2021,Los Angeles Dodgers,0.207,0.280,0.344,0.624,0.263,2.7%,26.9%,8.2%,21.6%,43.9%,25.2%,0.81,21.6,14.4%,199.1,1
2021,Miami Marlins,0.241,0.317,0.401,0.718,0.292,2.7%,22.9%,8.8%,23.5%,44.1%,24.7%,0.81,0.6,0.8%,22.5,0
2021,Milwaukee Brewers,0.218,0.298,0.358,0.655,0.278,2.8%,27.0%,9.0%,23.2%,44.2%,24.8%,0.82,16.4,11.3%,130.9,1
2021,Minnesota Twins,0.255,0.320,0.449,0.769,0.292,3.9%,21.7%,8.0%,23.6%,40.7%,27.9%,0.70,-2.9,-1.5%,-84.5,0
2021,New York Mets,0.236,0.307,0.400,0.707,0.289,3.3%,25.1%,8.2%,24.3%,42.1%,25.6%,0.75,5.2,3.7%,31.0,0
2021,New York Yankees,0.231,0.299,0.389,0.688,0.286,3.3%,26.2%,8.2%,22.6%,41.9%,26.8%,0.73,9.7,8.5%,93.0,1
2021,Oakland Athletics,0.247,0.309,0.403,0.711,0.292,3.2%,22.0%,7.2%,24.5%,40.0%,26.6%,0.68,2.6,1.9%,47.5,0
2021,Philadelphia Phillies,0.244,0.316,0.414,0.730,0.298,3.3%,24.4%,8.4%,22.4%,45.3%,23.8%,0.85,-0.8,0.8%,-16.8,0
2021,Pittsburgh Pirates,0.260,0.341,0.446,0.787,0.304,3.5%,21.4%,9.9%,24.4%,40.8%,26.6%,0.70,-10.0,-0.1%,-117.9,0
2021,San Diego Padres,0.237,0.312,0.410,0.722,0.290,3.4%,25.1%,8.5%,22.8%,42.7%,26.7%,0.77,2.0,3.0%,9.4,0
2021,San Francisco Giants,0.230,0.291,0.368,0.658,0.282,2.5%,23.7%,6.9%,23.3%,45.1%,24.1%,0.85,18.1,13.2%,156.9,1
2021,Seattle Mariners,0.247,0.314,0.417,0.730,0.289,3.2%,21.8%,7.9%,23.8%,40.7%,27.3%,0.70,7.5,1.8%,-2.6,0
2021,St. Louis Cardinals,0.234,0.320,0.374,0.695,0.274,2.5%,20.3%,10.1%,23.9%,43.8%,24.7%,0.80,8.0,4.2%,35.1,1
2021,Tampa Bay Rays,0.232,0.294,0.386,0.680,0.282,3.1%,24.6%,7.3%,24.0%,41.4%,26.1%,0.72,11.0,8.0%,94.6,1
2021,Texas Rangers,0.256,0.325,0.436,0.761,0.290,3.8%,20.3%,8.4%,24.3%,42.2%,25.8%,0.74,-4.3,-0.1%,-65.6,0
2021,Toronto Blue Jays,0.236,0.305,0.407,0.712,0.284,3.5%,24.8%,8.0%,23.2%,43.0%,25.6%,0.76,6.3,2.8%,85.0,0
2021,Washington Nationals,0.254,0.329,0.447,0.776,0.293,4.1%,22.2%,9.0%,23.0%,40.6%,27.5%,0.71,-13.9,-2.2%,-119.3,0
2020,Arizona Diamondbacks,0.253,0.336,0.462,0.798,0.295,4.1%,23.0%,10.3%,30.8%,38.8%,22.5%,0.64,-2.7,-1.7%,-14.1,0
2020,Atlanta Braves,0.247,0.329,0.408,0.737,0.295,3.0%,22.2%,9.7%,27.2%,43.7%,20.2%,0.80,3.1,2.0%,11.3,1
2020,Baltimore Orioles,0.246,0.319,0.421,0.741,0.283,3.5%,21.7%,8.6%,29.0%,42.8%,20.6%,0.76,-1.5,-1.3%,-5.3,0
2020,Boston Red Sox,0.281,0.365,0.484,0.849,0.334,4.1%,22.5%,10.6%,30.0%,43.3%,20.3%,0.78,-5.4,-1.8%,-57.8,0
2020,Chicago Cubs,0.233,0.302,0.400,0.702,0.279,3.4%,24.3%,8.5%,28.8%,45.2%,19.7%,0.83,6.9,3.8%,48.7,1
2020,Chicago White Sox,0.226,0.309,0.379,0.688,0.271,3.2%,23.4%,9.7%,28.3%,44.3%,19.5%,0.81,3.4,2.1%,38.3,1
2020,Cincinnati Reds,0.215,0.303,0.374,0.677,0.279,3.2%,28.9%,10.0%,25.9%,43.7%,21.5%,0.78,4.3,4.4%,42.9,1
2020,Cleveland Indians,0.223,0.288,0.378,0.666,0.287,3.1%,28.5%,7.2%,29.4%,40.9%,21.9%,0.70,9.3,5.4%,81.5,1
2020,Colorado Rockies,0.280,0.353,0.477,0.830,0.308,3.6%,16.8%,8.8%,30.5%,44.1%,18.9%,0.80,0.0,-0.3%,-46.5,0
2020,Detroit Tigers,0.265,0.340,0.464,0.804,0.299,4.2%,20.4%,8.8%,29.5%,42.2%,21.9%,0.75,-3.9,-2.9%,-52.0,0
2020,Houston Astros,0.239,0.322,0.407,0.729,0.289,3.1%,23.5%,9.7%,29.0%,44.1%,18.7%,0.80,1.1,2.3%,13.4,1
2020,Kansas City Royals,0.254,0.332,0.415,0.747,0.304,3.4%,23.2%,9.5%,29.1%,44.2%,19.1%,0.80,2.1,0.2%,9.9,0
2020,Los Angeles Angels,0.245,0.316,0.430,0.746,0.287,3.6%,23.2%,8.8%,28.5%,39.3%,22.9%,0.66,-3.1,-1.8%,-33.0,0
2020,Los Angeles Dodgers,0.213,0.272,0.355,0.627,0.253,3.0%,23.8%,6.7%,25.6%,45.8%,21.1%,0.86,7.1,3.4%,85.0,1
2020,Miami Marlins,0.261,0.343,0.455,0.798,0.298,3.7%,20.4%,10.2%,27.1%,45.4%,20.8%,0.84,3.0,2.9%,-28.3,1
2020,Milwaukee Brewers,0.229,0.307,0.385,0.692,0.297,3.1%,28.1%,8.7%,26.2%,47.1%,17.8%,0.90,4.3,3.4%,24.7,1
2020,Minnesota Twins,0.232,0.301,0.372,0.673,0.288,2.9%,25.1%,8.0%,29.3%,40.7%,19.6%,0.70,6.3,4.0%,60.5,1
2020,New York Mets,0.255,0.336,0.438,0.774,0.317,3.6%,25.4%,9.7%,29.6%,42.6%,19.9%,0.76,-2.9,-2.4%,-32.2,0
2020,New York Yankees,0.236,0.305,0.421,0.726,0.282,3.9%,24.8%,7.9%,26.8%,43.3%,21.7%,0.77,0.9,0.8%,-0.1,1
2020,Oakland Athletics,0.240,0.302,0.392,0.693,0.286,3.2%,23.4%,7.6%,26.2%,41.0%,22.5%,0.71,6.5,3.6%,41.1,1
2020,Philadelphia Phillies,0.279,0.348,0.468,0.816,0.344,3.6%,24.2%,8.4%,30.0%,46.3%,16.5%,0.87,-4.5,-4.5%,-37.9,0
2020,Pittsburgh Pirates,0.235,0.332,0.416,0.747,0.281,3.6%,24.1%,11.2%,28.2%,43.3%,20.8%,0.78,-3.5,-0.9%,-14.6,0
2020,San Diego Padres,0.234,0.301,0.389,0.689,0.290,3.2%,26.2%,7.9%,27.5%,42.6%,20.9%,0.76,1.7,0.5%,36.7,1
2020,San Francisco Giants,0.241,0.322,0.410,0.731,0.283,3.1%,21.8%,9.4%,29.7%,38.9%,22.5%,0.65,-2.0,-1.4%,-15.7,0
2020,Seattle Mariners,0.245,0.333,0.425,0.758,0.281,3.5%,20.9%,10.2%,27.5%,40.5%,22.8%,0.68,-1.6,-2.4%,-31.1,0
2020,St. Louis Cardinals,0.216,0.306,0.380,0.686,0.252,3.5%,23.3%,10.3%,27.4%,44.7%,20.7%,0.82,3.3,3.8%,26.6,1
2020,Tampa Bay Rays,0.238,0.305,0.391,0.696,0.293,3.2%,25.0%,7.6%,27.2%,45.3%,19.7%,0.85,7.4,2.6%,50.4,1
2020,Texas Rangers,0.242,0.329,0.419,0.749,0.279,3.6%,21.5%,10.4%,27.6%,40.6%,22.8%,0.70,-3.6,-1.4%,-36.0,0
2020,Toronto Blue Jays,0.255,0.339,0.436,0.775,0.303,3.5%,22.5%,10.8%,27.3%,43.1%,20.4%,0.77,1.0,1.0%,-23.6,1
2020,Washington Nationals,0.271,0.346,0.466,0.812,0.317,4.1%,22.4%,9.5%,30.5%,38.4%,22.9%,0.63,-0.3,-0.6%,-22.8,0
2019,Arizona Diamondbacks,0.251,0.320,0.432,0.752,0.298,3.5%,22.9%,8.3%,25.7%,42.8%,23.3%,0.77,5.8,1.1%,36.0,0
2019,Atlanta Braves,0.256,0.329,0.419,0.748,0.305,3.3%,22.3%,8.8%,25.2%,44.7%,22.1%,0.84,8.7,4.3%,46.2,1
2019,Baltimore Orioles,0.271,0.342,0.497,0.839,0.296,4.8%,19.5%,8.8%,25.8%,40.4%,25.6%,0.68,-15.6,-0.9%,-184.9,0
2019,Boston Red Sox,0.251,0.330,0.431,0.761,0.314,3.4%,25.5%,9.5%,24.9%,42.7%,24.5%,0.76,1.8,-0.5%,0.9,0
2019,Chicago Cubs,0.251,0.323,0.414,0.738,0.303,3.2%,23.3%,8.6%,26.0%,45.3%,21.2%,0.85,1.3,1.2%,44.5,0
2019,Chicago White Sox,0.263,0.337,0.452,0.789,0.303,3.9%,21.3%,9.5%,26.2%,42.6%,22.5%,0.76,-4.1,-1.6%,-61.3,0
2019,Cincinnati Reds,0.235,0.310,0.410,0.719,0.289,3.5%,25.6%,8.9%,24.0%,44.0%,23.7%,0.81,7.4,1.5%,66.0,0
2019,Cleveland Indians,0.240,0.304,0.419,0.723,0.293,3.5%,25.1%,7.5%,25.8%,39.8%,25.5%,0.67,14.4,11.6%,148.4,0
2019,Colorado Rockies,0.277,0.348,0.492,0.840,0.311,4.2%,19.7%,9.2%,25.8%,45.7%,21.8%,0.87,-7.9,-2.5%,-135.8,0
2019,Detroit Tigers,0.275,0.342,0.478,0.820,0.319,3.9%,21.6%,8.5%,24.5%,42.5%,24.6%,0.76,-12.0,0.2%,-122.5,0
2019,Houston Astros,0.221,0.283,0.397,0.681,0.272,3.8%,27.9%,7.5%,23.7%,43.5%,25.0%,0.78,19.4,9.7%,179.3,1
2019,Kansas City Royals,0.273,0.348,0.456,0.804,0.312,3.5%,19.5%,9.2%,25.9%,43.8%,23.4%,0.79,-9.5,-1.7%,-77.6,0
2019,Los Angeles Angels,0.254,0.331,0.459,0.789,0.291,4.3%,22.3%,9.2%,25.9%,40.5%,25.3%,0.69,-3.3,-0.9%,-73.1,0
2019,Los Angeles Dodgers,0.223,0.282,0.379,0.661,0.273,3.1%,25.7%,6.6%,24.1%,44.2%,22.3%,0.82,13.2,5.4%,144.1,1
2019,Miami Marlins,0.245,0.329,0.435,0.764,0.283,3.8%,22.1%,9.8%,24.3%,38.3%,27.0%,0.64,-6.5,-0.2%,-64.7,0
2019,Milwaukee Brewers,0.246,0.321,0.425,0.747,0.296,3.6%,24.0%,9.1%,25.2%,41.8%,23.0%,0.74,6.8,4.5%,11.8,1
2019,Minnesota Twins,0.257,0.316,0.419,0.736,0.311,3.2%,23.4%,7.2%,25.9%,41.5%,23.8%,0.73,9.9,5.6%,48.1,1
2019,New York Mets,0.251,0.317,0.418,0.735,0.307,3.3%,24.4%,8.0%,24.8%,42.8%,23.8%,0.77,1.4,-1.2%,7.4,0
2019,New York Yankees,0.248,0.314,0.439,0.754,0.297,4.0%,25.0%,8.3%,24.1%,42.5%,24.7%,0.74,8.5,4.8%,46.6,1
2019,Oakland Athletics,0.242,0.308,0.404,0.712,0.279,3.3%,21.1%,7.8%,24.2%,41.1%,23.9%,0.71,9.0,5.1%,103.2,1
2019,Philadelphia Phillies,0.261,0.332,0.453,0.785,0.301,4.1%,22.2%,8.7%,25.7%,42.7%,23.3%,0.77,1.7,-0.1%,-20.3,0
2019,Pittsburgh Pirates,0.268,0.343,0.470,0.813,0.318,3.8%,22.6%,9.1%,25.4%,41.7%,24.1%,0.74,-11.6,-3.3%,-155.7,0
2019,San Diego Padres,0.251,0.315,0.430,0.744,0.303,3.5%,23.9%,7.5%,24.6%,42.7%,24.6%,0.77,-0.7,0.9%,-51.5,0
2019,San Francisco Giants,0.249,0.318,0.428,0.746,0.289,3.6%,21.9%,8.3%,24.7%,41.6%,24.5%,0.74,7.2,1.7%,-12.7,0
2019,Seattle Mariners,0.263,0.326,0.469,0.795,0.291,4.2%,19.8%,8.1%,25.2%,43.6%,23.4%,0.78,-9.9,-2.8%,-125.3,0
2019,St. Louis Cardinals,0.238,0.314,0.397,0.711,0.285,3.2%,23.1%,9.0%,24.9%,44.9%,22.0%,0.83,9.5,8.2%,89.0,1
2019,Tampa Bay Rays,0.230,0.294,0.386,0.680,0.291,3.0%,26.6%,7.4%,24.6%,43.6%,22.2%,0.79,17.1,13.4%,138.2,1
2019,Texas Rangers,0.269,0.342,0.464,0.806,0.314,3.8%,21.7%,9.2%,25.3%,41.7%,24.7%,0.73,0.8,0.4%,-47.8,0
2019,Toronto Blue Jays,0.259,0.337,0.451,0.788,0.301,3.6%,21.1%,9.6%,25.0%,43.1%,22.9%,0.77,-3.8,0.5%,-47.5,0
2019,Washington Nationals,0.244,0.314,0.412,0.726,0.298,3.3%,24.6%,8.4%,25.2%,42.1%,24.5%,0.75,3.2,1.1%,43.4,1
2018,Arizona Diamondbacks,0.239,0.310,0.388,0.698,0.292,2.8%,23.6%,8.5%,24.2%,47.2%,21.6%,0.92,3.5,1.6%,80.6,0
2018,Atlanta Braves,0.229,0.314,0.370,0.684,0.281,2.5%,23.1%,10.3%,25.8%,43.0%,22.7%,0.78,6.5,5.7%,50.7,1
2018,Baltimore Orioles,0.276,0.349,0.471,0.820,0.312,3.7%,19.0%,9.3%,26.0%,42.1%,23.3%,0.74,-14.8,-1.0%,-172.4,0
2018,Boston Red Sox,0.237,0.309,0.390,0.698,0.295,2.9%,25.3%,8.3%,24.7%,42.6%,24.0%,0.76,12.0,7.4%,106.0,1
2018,Chicago Cubs,0.240,0.323,0.376,0.698,0.287,2.5%,21.3%,9.9%,25.7%,44.4%,21.6%,0.83,13.2,12.0%,78.9,1
2018,Chicago White Sox,0.254,0.340,0.422,0.761,0.293,3.1%,19.9%,10.3%,24.8%,40.8%,24.8%,0.70,-9.8,-2.1%,-123.2,0
2018,Cincinnati Reds,0.266,0.332,0.450,0.782,0.303,3.6%,20.0%,8.5%,25.1%,44.1%,22.2%,0.82,-7.5,-1.2%,-114.0,0
2018,Cleveland Indians,0.242,0.300,0.414,0.714,0.299,3.3%,25.4%,6.7%,24.7%,42.8%,24.4%,0.76,10.9,4.8%,104.3,1
2018,Colorado Rockies,0.250,0.319,0.417,0.736,0.302,3.0%,22.9%,8.5%,25.7%,45.1%,21.2%,0.84,3.6,4.5%,14.4,1
2018,Detroit Tigers,0.258,0.323,0.439,0.762,0.292,3.5%,19.8%,8.0%,25.0%,39.9%,25.5%,0.68,-6.1,-0.6%,-59.1,0
2018,Houston Astros,0.217,0.282,0.358,0.640,0.284,2.6%,28.5%,7.4%,24.9%,44.3%,22.8%,0.81,18.8,11.8%,203.9,1
2018,Kansas City Royals,0.275,0.342,0.446,0.788,0.311,3.3%,18.4%,8.7%,25.8%,42.9%,23.1%,0.77,-8.8,-1.6%,-107.7,0
2018,Los Angeles Angels,0.248,0.322,0.415,0.738,0.295,3.4%,22.7%,8.9%,26.1%,42.5%,22.7%,0.75,-0.6,0.3%,0.8,0
2018,Los Angeles Dodgers,0.230,0.290,0.379,0.669,0.286,2.9%,25.7%,6.9%,24.0%,44.8%,21.8%,0.84,8.1,11.9%,97.5,1
2018,Miami Marlins,0.254,0.333,0.424,0.757,0.293,3.1%,20.0%,9.7%,25.1%,40.6%,24.7%,0.70,-7.0,-1.2%,-133.3,0
2018,Milwaukee Brewers,0.233,0.309,0.387,0.696,0.282,2.8%,23.4%,9.0%,25.6%,42.6%,21.2%,0.77,7.2,9.3%,55.5,1
2018,Minnesota Twins,0.256,0.332,0.423,0.755,0.304,3.2%,21.9%,9.1%,25.7%,41.5%,23.7%,0.73,-2.3,-0.6%,-36.2,0
2018,New York Mets,0.246,0.313,0.398,0.711,0.298,3.0%,23.4%,7.8%,24.1%,41.7%,24.2%,0.74,3.3,-1.1%,-30.4,0
2018,New York Yankees,0.237,0.304,0.390,0.694,0.302,2.9%,26.6%,8.0%,24.6%,43.4%,23.4%,0.78,8.6,4.5%,70.2,1
2018,Oakland Athletics,0.236,0.301,0.392,0.693,0.271,3.0%,20.3%,7.8%,24.6%,43.0%,23.3%,0.78,12.2,8.1%,61.3,1
2018,Philadelphia Phillies,0.249,0.316,0.407,0.723,0.306,2.8%,23.9%,8.2%,24.2%,44.9%,21.5%,0.85,4.6,3.8%,-23.4,0
2018,Pittsburgh Pirates,0.251,0.319,0.407,0.726,0.299,2.8%,21.7%,8.1%,25.2%,43.4%,23.0%,0.79,2.5,-1.3%,-9.7,0
2018,San Diego Padres,0.256,0.324,0.417,0.742,0.308,3.0%,22.4%,8.3%,25.6%,44.0%,22.1%,0.81,-5.3,-1.0%,-83.8,0
2018,San Francisco Giants,0.251,0.318,0.404,0.722,0.297,2.5%,20.5%,8.5%,25.6%,44.0%,21.2%,0.81,0.8,0.4%,-15.8,0
2018,Seattle Mariners,0.252,0.308,0.418,0.726,0.296,3.2%,21.9%,6.6%,24.9%,42.6%,24.6%,0.75,6.7,4.2%,5.5,0
2018,St. Louis Cardinals,0.246,0.324,0.378,0.702,0.297,2.3%,21.3%,9.5%,25.8%,44.3%,21.0%,0.83,0.4,-0.1%,2.3,0
2018,Tampa Bay Rays,0.230,0.300,0.377,0.677,0.279,2.7%,23.7%,8.4%,23.8%,43.8%,24.1%,0.79,12.3,1.9%,75.3,0
2018,Texas Rangers,0.271,0.335,0.464,0.798,0.301,3.6%,18.0%,7.9%,25.5%,43.5%,23.2%,0.78,-6.8,-1.0%,-89.4,0
2018,Toronto Blue Jays,0.265,0.335,0.446,0.782,0.308,3.3%,20.7%,8.8%,23.7%,42.7%,24.5%,0.76,-7.2,-1.2%,-110.2,0
2018,Washington Nationals,0.242,0.311,0.411,0.721,0.289,3.3%,23.3%,8.0%,23.7%,41.3%,24.8%,0.72,2.9,2.1%,34.7,0
2017,Arizona Diamondbacks,0.240,0.309,0.398,0.707,0.297,2.8%,24.4%,8.5%,23.4%,47.9%,20.9%,0.95,11.8,6.7%,113.1,1
2017,Atlanta Braves,0.263,0.339,0.438,0.777,0.306,3.0%,20.0%,9.3%,25.4%,43.8%,22.6%,0.81,-7.1,-2.6%,-84.7,0
2017,Baltimore Orioles,0.269,0.342,0.458,0.799,0.303,3.9%,19.6%,9.2%,25.4%,44.2%,21.8%,0.81,-3.9,-1.8%,-91.7,0
2017,Boston Red Sox,0.245,0.306,0.406,0.712,0.304,3.1%,25.4%,7.5%,25.1%,41.4%,24.8%,0.72,14.4,10.9%,132.2,1
2017,Chicago Cubs,0.238,0.315,0.398,0.713,0.288,3.2%,23.6%,9.1%,26.4%,45.8%,20.3%,0.87,9.2,7.8%,62.7,1
2017,Chicago White Sox,0.254,0.337,0.450,0.787,0.282,3.9%,19.2%,10.2%,25.3%,42.1%,24.6%,0.74,-7.3,-1.6%,-80.4,0
2017,Cincinnati Reds,0.263,0.345,0.465,0.810,0.300,4.0%,20.7%,10.0%,24.2%,44.2%,23.3%,0.83,-7.0,-2.2%,-126.1,0
2017,Cleveland Indians,0.236,0.294,0.380,0.673,0.305,2.8%,27.5%,6.9%,27.7%,44.1%,20.1%,0.81,22.3,12.0%,218.4,1
2017,Colorado Rockies,0.264,0.332,0.439,0.771,0.309,3.1%,20.6%,8.6%,24.8%,47.9%,19.9%,0.95,8.5,7.0%,47.0,1
2017,Detroit Tigers,0.282,0.348,0.463,0.811,0.321,3.5%,19.1%,8.5%,26.8%,39.6%,24.2%,0.67,-10.6,-2.8%,-139.6,0
2017,Houston Astros,0.240,0.313,0.407,0.720,0.302,3.1%,26.1%,8.5%,24.6%,46.8%,20.8%,0.90,6.4,4.3%,36.6,1
2017,Kansas City Royals,0.265,0.331,0.434,0.765,0.305,3.2%,19.6%,8.4%,24.0%,43.6%,23.9%,0.79,1.5,-1.7%,-34.4,0
2017,Los Angeles Angels,0.251,0.314,0.429,0.744,0.291,3.7%,21.8%,7.8%,25.4%,41.5%,24.7%,0.72,0.1,-0.8%,34.1,0
2017,Los Angeles Dodgers,0.228,0.290,0.380,0.671,0.284,3.1%,26.1%,7.5%,25.4%,42.5%,22.0%,0.77,16.2,8.0%,156.9,1
2017,Miami Marlins,0.263,0.344,0.432,0.776,0.302,3.1%,19.0%,9.9%,25.6%,42.0%,23.2%,0.75,-8.4,-2.3%,-115.3,0
2017,Milwaukee Brewers,0.252,0.326,0.414,0.741,0.301,3.0%,21.8%,9.0%,25.2%,45.3%,20.1%,0.86,5.6,4.8%,54.8,0
2017,Minnesota Twins,0.266,0.330,0.446,0.776,0.298,3.6%,18.8%,7.8%,25.3%,42.5%,24.0%,0.75,-1.2,-2.6%,-31.3,1
2017,New York Mets,0.273,0.345,0.448,0.794,0.322,3.5%,21.5%,9.3%,24.8%,43.8%,23.0%,0.81,-8.9,-2.3%,-150.0,0
2017,New York Yankees,0.228,0.298,0.382,0.680,0.282,3.2%,25.7%,8.3%,24.5%,45.9%,21.5%,0.87,7.3,4.8%,114.7,1
2017,Oakland Athletics,0.261,0.327,0.439,0.765,0.296,3.4%,19.5%,8.1%,25.5%,44.6%,22.1%,0.82,-10.9,-1.8%,-94.2,0
2017,Philadelphia Phillies,0.265,0.333,0.447,0.780,0.307,3.5%,21.0%,8.5%,25.4%,42.4%,22.6%,0.76,-6.4,-2.2%,-48.6,0
2017,Pittsburgh Pirates,0.264,0.330,0.431,0.761,0.310,2.9%,20.3%,8.2%,25.9%,44.5%,20.8%,0.84,-0.9,-1.3%,3.7,0
2017,San Diego Padres,0.259,0.333,0.441,0.775,0.301,3.7%,21.5%,9.0%,23.2%,47.0%,22.2%,0.92,-3.1,-1.1%,-88.5,0
2017,San Francisco Giants,0.268,0.331,0.438,0.768,0.312,2.9%,19.6%,7.9%,26.9%,42.2%,21.7%,0.76,-2.7,-0.2%,-30.8,0
2017,Seattle Mariners,0.254,0.318,0.435,0.754,0.285,3.9%,20.3%,8.0%,25.0%,40.4%,24.8%,0.69,-4.2,-2.6%,-30.9,0
2017,St. Louis Cardinals,0.253,0.320,0.411,0.731,0.301,3.0%,22.0%,8.0%,25.3%,46.1%,20.9%,0.89,4.4,0.7%,37.6,0
2017,Tampa Bay Rays,0.242,0.309,0.403,0.711,0.285,3.2%,22.2%,8.3%,24.7%,42.8%,22.8%,0.77,4.3,0.8%,40.9,0
2017,Texas Rangers,0.261,0.335,0.434,0.769,0.290,3.5%,17.8%,9.0%,25.3%,44.2%,21.7%,0.80,-1.4,-1.5%,-30.8,0
2017,Toronto Blue Jays,0.258,0.326,0.429,0.756,0.304,3.2%,21.7%,8.7%,23.9%,45.3%,21.8%,0.84,3.0,-0.7%,-9.6,0
2017,Washington Nationals,0.239,0.308,0.396,0.703,0.290,3.1%,24.0%,8.2%,23.7%,43.5%,22.9%,0.80,12.6,3.4%,81.3,1
2016,Arizona Diamondbacks,0.275,0.348,0.454,0.801,0.323,3.1%,20.5%,9.4%,28.0%,45.7%,18.6%,0.87,-11.8,-2.0%,-142.3,0
2016,Atlanta Braves,0.256,0.328,0.416,0.744,0.296,2.8%,19.6%,8.8%,25.4%,44.3%,21.7%,0.83,-2.9,-1.2%,-71.5,0
2016,Baltimore Orioles,0.258,0.328,0.421,0.750,0.301,3.0%,20.4%,8.9%,25.3%,45.2%,20.8%,0.84,6.5,6.7%,17.3,1
2016,Boston Red Sox,0.246,0.314,0.397,0.711,0.295,2.9%,22.4%,8.1%,23.0%,41.4%,25.8%,0.73,3.4,2.9%,54.7,1
2016,Chicago Cubs,0.212,0.285,0.348,0.633,0.257,2.8%,24.3%,8.3%,25.5%,46.6%,19.8%,0.91,18.2,7.4%,169.6,1
2016,Chicago White Sox,0.257,0.326,0.419,0.746,0.300,3.0%,20.5%,8.4%,26.2%,42.8%,22.3%,0.77,-1.2,-0.2%,3.7,0
2016,Cincinnati Reds,0.263,0.345,0.456,0.801,0.294,4.1%,19.6%,10.0%,28.2%,41.5%,21.4%,0.73,-12.0,-2.7%,-138.1,0
2016,Cleveland Indians,0.243,0.304,0.407,0.711,0.291,3.1%,23.2%,7.6%,26.9%,46.8%,19.6%,0.90,11.3,8.3%,86.3,1
2016,Colorado Rockies,0.274,0.345,0.446,0.790,0.321,2.9%,19.5%,8.7%,26.6%,48.7%,17.7%,0.99,-11.4,-3.6%,-96.4,0
2016,Detroit Tigers,0.260,0.320,0.421,0.741,0.302,3.0%,20.4%,7.6%,23.1%,44.0%,22.2%,0.81,3.0,0.3%,1.4,0
2016,Houston Astros,0.256,0.314,0.424,0.737,0.308,2.9%,22.6%,7.3%,25.1%,45.4%,22.2%,0.85,5.8,2.0%,20.5,0
2016,Kansas City Royals,0.259,0.327,0.423,0.750,0.301,3.3%,20.8%,8.4%,23.2%,43.9%,24.3%,0.81,4.8,2.0%,25.6,0
2016,Los Angeles Angels,0.269,0.334,0.440,0.774,0.303,3.4%,18.6%,8.1%,25.7%,41.1%,23.6%,0.71,-7.0,-2.0%,-29.0,0
2016,Los Angeles Dodgers,0.233,0.298,0.375,0.674,0.291,2.7%,25.1%,7.7%,26.3%,42.3%,21.9%,0.76,8.5,6.2%,72.9,1
2016,Miami Marlins,0.251,0.329,0.394,0.724,0.307,2.5%,22.4%,9.7%,27.8%,43.0%,20.5%,0.78,0.0,0.0%,3.1,0
2016,Milwaukee Brewers,0.263,0.333,0.426,0.760,0.303,2.9%,19.0%,8.6%,26.3%,45.9%,19.4%,0.88,1.2,-0.8%,-18.3,0
2016,Minnesota Twins,0.283,0.340,0.466,0.806,0.320,3.5%,18.9%,7.6%,26.1%,42.8%,23.1%,0.77,-13.3,-1.6%,-156.3,0
2016,New York Mets,0.254,0.311,0.395,0.706,0.312,2.5%,23.0%,7.2%,26.7%,43.8%,20.7%,0.82,11.8,7.4%,85.2,1
2016,New York Yankees,0.248,0.310,0.424,0.734,0.294,3.6%,23.1%,7.4%,23.7%,46.7%,21.4%,0.90,6.3,2.3%,35.5,0
2016,Oakland Athletics,0.263,0.322,0.422,0.744,0.301,3.0%,19.3%,7.6%,25.7%,46.2%,19.7%,0.88,-6.3,-1.1%,-53.0,0
2016,Philadelphia Phillies,0.265,0.325,0.448,0.773,0.307,3.5%,21.1%,7.6%,28.5%,40.9%,21.1%,0.72,-2.3,1.4%,-90.2,0
2016,Pittsburgh Pirates,0.267,0.336,0.436,0.772,0.311,2.9%,19.6%,8.5%,25.7%,46.3%,19.2%,0.91,-2.8,-1.1%,-42.4,0
2016,San Diego Padres,0.258,0.330,0.422,0.753,0.298,2.9%,19.6%,9.1%,25.0%,46.3%,20.5%,0.89,-4.5,0.5%,-73.3,0
2016,San Francisco Giants,0.243,0.303,0.392,0.695,0.290,2.6%,21.6%,7.3%,25.6%,44.7%,20.5%,0.84,9.3,8.9%,79.0,1
2016,Seattle Mariners,0.253,0.314,0.425,0.739,0.294,3.5%,21.4%,7.5%,25.7%,43.3%,22.0%,0.78,2.9,-0.8%,11.7,0
2016,St. Louis Cardinals,0.258,0.320,0.402,0.722,0.307,2.6%,20.9%,7.7%,25.4%,49.0%,18.3%,1.00,-1.5,-1.1%,-4.0,0
2016,Tampa Bay Rays,0.255,0.318,0.416,0.734,0.300,3.5%,22.3%,8.1%,23.7%,41.2%,25.4%,0.71,-4.0,-0.8%,-2.4,0
2016,Texas Rangers,0.260,0.329,0.424,0.753,0.293,3.3%,18.7%,8.6%,25.4%,45.3%,21.7%,0.85,4.6,5.1%,-6.9,1
2016,Toronto Blue Jays,0.242,0.305,0.398,0.703,0.283,3.0%,21.5%,7.5%,23.6%,46.5%,20.9%,0.89,9.5,7.7%,79.2,1
2016,Washington Nationals,0.234,0.300,0.376,0.677,0.292,2.6%,24.5%,7.8%,26.5%,43.1%,20.5%,0.79,9.7,6.6%,117.2,1
2015,Arizona Diamondbacks,0.258,0.322,0.423,0.744,0.297,2.9%,19.4%,8.0%,28.2%,45.3%,18.4%,0.87,0.0,-1.5%,-14.6,0
2015,Atlanta Braves,0.268,0.339,0.426,0.765,0.309,2.8%,18.7%,8.9%,26.6%,42.9%,21.8%,0.78,-7.1,-1.2%,-110.7,0
2015,Baltimore Orioles,0.257,0.321,0.418,0.739,0.299,2.9%,20.3%,7.9%,24.7%,45.6%,20.5%,0.86,3.7,0.8%,7.0,0
2015,Boston Red Sox,0.264,0.327,0.424,0.751,0.307,2.9%,19.6%,7.7%,25.2%,44.3%,22.3%,0.82,0.4,-0.3%,-28.7,0
2015,Chicago Cubs,0.233,0.290,0.372,0.662,0.290,2.2%,23.9%,6.8%,26.9%,46.4%,18.6%,0.90,11.0,4.6%,62.4,1
2015,Chicago White Sox,0.260,0.322,0.410,0.733,0.314,2.6%,22.0%,7.7%,26.8%,44.8%,19.7%,0.84,3.4,-0.1%,-9.0,0
2015,Cincinnati Reds,0.258,0.328,0.420,0.748,0.301,2.8%,20.0%,8.7%,29.8%,43.8%,17.9%,0.82,-5.9,-0.2%,-84.2,0
2015,Cleveland Indians,0.237,0.297,0.386,0.683,0.290,2.7%,23.8%,7.2%,26.4%,44.7%,21.2%,0.83,7.1,0.3%,76.8,0
2015,Colorado Rockies,0.283,0.353,0.461,0.814,0.323,2.9%,17.6%,9.2%,28.2%,47.4%,16.8%,0.94,-15.1,-3.4%,-130.0,0
2015,Detroit Tigers,0.268,0.330,0.444,0.774,0.301,3.1%,17.8%,7.9%,24.7%,43.0%,22.1%,0.78,-5.3,-0.5%,-105.0,0
2015,Houston Astros,0.241,0.299,0.382,0.681,0.287,2.5%,21.5%,7.1%,25.1%,47.2%,19.9%,0.92,3.8,1.1%,68.4,1
2015,Kansas City Royals,0.249,0.314,0.396,0.710,0.288,2.5%,19.0%,8.0%,25.3%,42.7%,23.1%,0.77,9.3,7.0%,76.3,1
2015,Los Angeles Angels of Anaheim,0.248,0.313,0.396,0.708,0.288,2.7%,20.0%,7.6%,26.6%,41.5%,21.6%,0.73,4.6,1.3%,2.3,0
2015,Los Angeles Dodgers,0.242,0.297,0.372,0.669,0.299,2.4%,23.5%,6.7%,25.6%,49.8%,16.6%,1.04,7.8,6.9%,57.7,1
2015,Miami Marlins,0.255,0.322,0.396,0.718,0.297,2.3%,19.0%,8.4%,27.2%,44.4%,19.8%,0.83,-6.3,-2.1%,-29.9,0
2015,Milwaukee Brewers,0.261,0.329,0.422,0.750,0.307,2.9%,20.5%,8.4%,28.8%,46.0%,17.3%,0.89,-6.2,-1.5%,-70.3,0
2015,Minnesota Twins,0.269,0.321,0.418,0.739,0.303,2.7%,17.0%,6.7%,25.8%,44.1%,21.3%,0.82,3.6,1.6%,0.7,0
2015,New York Mets,0.243,0.296,0.377,0.672,0.292,2.5%,22.1%,6.3%,24.7%,45.8%,20.9%,0.89,8.8,7.4%,53.3,1
2015,New York Yankees,0.253,0.316,0.406,0.722,0.303,2.9%,22.1%,7.7%,25.0%,47.2%,20.0%,0.92,7.7,6.6%,13.2,1
2015,Oakland Athletics,0.254,0.316,0.400,0.716,0.291,2.8%,19.2%,7.7%,27.1%,44.7%,18.6%,0.83,-7.8,-1.9%,-45.0,0
2015,Philadelphia Phillies,0.280,0.341,0.445,0.786,0.319,3.0%,18.2%,7.7%,28.4%,44.0%,19.1%,0.82,-11.7,-1.4%,-154.6,0
2015,Pittsburgh Pirates,0.248,0.311,0.361,0.672,0.305,1.8%,21.5%,7.3%,25.8%,50.3%,17.0%,1.06,15.3,8.2%,91.5,1
2015,San Diego Padres,0.252,0.321,0.414,0.735,0.307,2.8%,22.9%,8.5%,27.2%,46.8%,18.2%,0.91,-3.3,-1.1%,-76.6,0
2015,San Francisco Giants,0.246,0.305,0.395,0.700,0.285,2.6%,19.4%,7.2%,26.9%,45.8%,19.1%,0.87,3.5,2.7%,42.4,0
2015,Seattle Mariners,0.256,0.322,0.412,0.734,0.300,2.9%,20.6%,7.9%,25.6%,46.2%,19.8%,0.89,-0.6,-0.4%,-39.1,0
2015,St. Louis Cardinals,0.246,0.310,0.366,0.676,0.302,2.0%,21.7%,7.8%,24.6%,47.3%,19.1%,0.95,20.7,12.6%,157.0,1
2015,Tampa Bay Rays,0.240,0.304,0.385,0.689,0.286,2.9%,22.3%,7.9%,24.8%,42.0%,24.0%,0.74,5.3,4.3%,47.4,0
2015,Texas Rangers,0.262,0.328,0.419,0.747,0.296,2.8%,17.6%,8.2%,29.0%,44.6%,18.8%,0.82,3.4,5.5%,-20.1,1
2015,Toronto Blue Jays,0.248,0.304,0.403,0.707,0.280,2.9%,18.7%,6.6%,25.8%,44.1%,21.0%,0.81,0.0,3.3%,38.8,1
2015,Washington Nationals,0.250,0.301,0.384,0.685,0.304,2.4%,22.5%,6.1%,28.2%,44.5%,17.7%,0.84,1.5,-0.2%,35.8,0
2014,Arizona Diamondbacks,0.265,0.326,0.414,0.740,0.316,2.5%,20.7%,7.6%,26.7%,45.3%,19.8%,0.86,-9.9,-2.7%,-99.9,0
2014,Atlanta Braves,0.251,0.312,0.370,0.682,0.306,2.0%,21.4%,7.8%,25.3%,42.1%,22.8%,0.77,6.6,4.7%,38.1,0
2014,Baltimore Orioles,0.244,0.308,0.382,0.690,0.282,2.5%,19.2%,7.7%,23.1%,43.9%,23.8%,0.81,12.3,9.2%,94.6,1
2014,Boston Red Sox,0.260,0.321,0.409,0.730,0.303,2.5%,19.5%,7.7%,23.3%,43.5%,23.7%,0.80,-1.3,0.3%,-26.0,0
2014,Chicago Cubs,0.252,0.318,0.376,0.694,0.308,1.9%,21.1%,8.1%,26.1%,43.9%,20.8%,0.82,-0.6,-0.8%,-55.1,0
2014,Chicago White Sox,0.265,0.337,0.401,0.738,0.309,2.2%,18.4%,8.9%,23.3%,46.2%,22.4%,0.89,-11.5,-5.4%,-101.7,0
2014,Cincinnati Reds,0.237,0.309,0.383,0.691,0.281,2.7%,21.3%,8.4%,26.9%,44.6%,18.6%,0.84,4.1,0.9%,25.5,0
2014,Cleveland Indians,0.250,0.312,0.385,0.697,0.312,2.2%,23.4%,7.5%,24.1%,46.8%,21.1%,0.91,5.1,0.2%,36.0,0
2014,Colorado Rockies,0.276,0.342,0.443,0.784,0.311,2.8%,17.2%,8.5%,26.8%,47.3%,18.6%,0.94,-17.3,-5.8%,-136.6,0
2014,Detroit Tigers,0.263,0.321,0.401,0.723,0.314,2.1%,20.1%,7.5%,22.4%,44.6%,24.3%,0.83,2.4,4.0%,-30.9,1
2014,Houston Astros,0.260,0.323,0.396,0.719,0.302,2.3%,18.5%,7.9%,23.2%,46.7%,21.8%,0.91,-5.7,-1.0%,-61.1,0
2014,Kansas City Royals,0.250,0.310,0.377,0.687,0.294,2.1%,19.1%,7.2%,23.7%,43.1%,24.4%,0.78,10.6,8.7%,59.8,1
2014,Los Angeles Angels of Anaheim,0.236,0.305,0.351,0.656,0.287,2.0%,21.7%,8.2%,23.6%,42.0%,24.7%,0.75,7.4,4.9%,36.3,1
2014,Los Angeles Dodgers,0.242,0.300,0.376,0.676,0.296,2.3%,22.6%,7.1%,24.4%,47.5%,19.6%,0.94,6.1,5.6%,20.3,1
2014,Miami Marlins,0.264,0.323,0.390,0.713,0.315,1.8%,19.1%,7.4%,25.8%,46.5%,19.7%,0.92,-2.2,-1.8%,-30.3,0
2014,Milwaukee Brewers,0.250,0.307,0.393,0.700,0.293,2.7%,20.4%,7.1%,24.4%,45.4%,21.4%,0.87,2.3,0.0%,-1.8,0
2014,Minnesota Twins,0.280,0.330,0.428,0.758,0.317,2.4%,16.6%,6.6%,25.0%,42.2%,23.3%,0.75,-11.6,-2.5%,-104.8,0
2014,New York Mets,0.248,0.315,0.382,0.698,0.299,2.3%,21.1%,8.3%,24.3%,45.3%,22.3%,0.87,0.3,-1.2%,7.3,0
2014,New York Yankees,0.250,0.305,0.395,0.700,0.301,2.7%,22.4%,6.5%,24.1%,44.0%,23.8%,0.81,6.0,2.4%,7.0,0
2014,Oakland Athletics,0.233,0.290,0.356,0.646,0.274,2.5%,20.8%,6.8%,24.4%,45.5%,20.9%,0.86,5.6,5.3%,96.6,1
2014,Philadelphia Phillies,0.252,0.321,0.387,0.708,0.300,2.1%,20.0%,8.3%,24.8%,46.1%,20.4%,0.90,-0.8,-1.1%,-37.9,0
2014,Pittsburgh Pirates,0.247,0.318,0.371,0.689,0.295,2.1%,20.0%,8.1%,23.4%,49.8%,18.2%,1.06,2.2,0.8%,10.4,1
2014,San Diego Padres,0.241,0.304,0.362,0.666,0.294,2.0%,21.4%,7.7%,25.7%,44.8%,21.2%,0.86,5.4,0.6%,36.4,0
2014,San Francisco Giants,0.241,0.297,0.382,0.679,0.285,2.2%,20.4%,6.5%,25.1%,45.7%,20.8%,0.87,1.5,0.7%,13.7,1
2014,Seattle Mariners,0.230,0.295,0.356,0.652,0.277,2.3%,22.1%,7.8%,24.2%,45.8%,21.1%,0.87,11.7,7.1%,96.8,0
2014,St. Louis Cardinals,0.242,0.308,0.366,0.674,0.289,2.0%,20.1%,7.7%,24.7%,45.0%,19.9%,0.87,9.8,8.7%,38.9,1
2014,Tampa Bay Rays,0.234,0.300,0.362,0.662,0.288,2.4%,23.4%,7.9%,23.1%,40.8%,26.1%,0.71,4.5,-0.3%,41.4,0
2014,Texas Rangers,0.272,0.336,0.428,0.764,0.311,2.6%,17.9%,8.2%,26.4%,39.7%,23.9%,0.67,-6.3,-2.7%,-103.9,0
2014,Toronto Blue Jays,0.253,0.318,0.407,0.724,0.295,2.5%,19.5%,8.0%,23.3%,43.1%,24.5%,0.78,0.0,-0.7%,-18.4,0
2014,Washington Nationals,0.244,0.294,0.358,0.651,0.298,1.8%,21.4%,5.9%,26.2%,44.1%,20.2%,0.83,11.4,7.2%,106.5,1
2013,Arizona Diamondbacks,0.257,0.320,0.411,0.731,0.296,2.8%,19.2%,7.7%,24.0%,45.3%,21.4%,0.87,-0.5,-1.5%,-28.8,0
2013,Atlanta Braves,0.244,0.301,0.370,0.671,0.292,2.1%,20.6%,6.8%,23.1%,45.2%,23.0%,0.86,9.4,3.6%,101.5,1
2013,Baltimore Orioles,0.259,0.321,0.428,0.749,0.293,3.3%,19.0%,7.7%,22.4%,42.1%,25.9%,0.76,-3.8,-3.2%,-4.0,0
2013,Boston Red Sox,0.248,0.316,0.393,0.710,0.295,2.5%,21.1%,8.5%,21.8%,42.7%,26.2%,0.77,4.8,4.6%,53.0,1
2013,Chicago Cubs,0.244,0.318,0.400,0.718,0.283,2.6%,19.3%,8.8%,23.0%,42.1%,25.1%,0.76,-7.6,-1.9%,-40.8,0
2013,Chicago White Sox,0.256,0.322,0.408,0.730,0.297,2.9%,20.1%,8.2%,21.2%,43.4%,25.8%,0.79,-2.4,0.4%,-12.3,0
2013,Cincinnati Reds,0.236,0.298,0.384,0.683,0.278,2.8%,21.3%,7.2%,26.5%,43.7%,20.4%,0.81,8.3,5.6%,69.4,1
2013,Cleveland Indians,0.249,0.322,0.386,0.708,0.305,2.4%,22.4%,9.0%,23.4%,44.3%,23.4%,0.83,3.2,1.5%,17.9,1
2013,Colorado Rockies,0.277,0.340,0.423,0.763,0.318,2.2%,17.0%,8.3%,25.1%,46.6%,20.4%,0.91,-5.5,-2.0%,-69.7,0
2013,Detroit Tigers,0.247,0.308,0.373,0.681,0.308,2.1%,23.3%,7.6%,20.9%,45.3%,25.0%,0.86,8.3,6.2%,85.8,1
2013,Houston Astros,0.272,0.347,0.445,0.792,0.305,3.0%,17.0%,9.7%,21.7%,44.0%,24.9%,0.81,-14.2,-2.0%,-162.6,0
2013,Kansas City Royals,0.250,0.311,0.387,0.699,0.292,2.6%,20.0%,7.8%,23.1%,41.7%,26.3%,0.73,9.8,2.2%,107.2,0
2013,Los Angeles Angels of Anaheim,0.261,0.328,0.408,0.736,0.303,2.7%,19.1%,8.5%,23.7%,41.7%,24.9%,0.74,-5.3,-2.0%,-58.6,0
2013,Los Angeles Dodgers,0.243,0.306,0.365,0.670,0.295,2.1%,21.4%,7.6%,23.6%,46.9%,20.6%,0.92,8.0,5.5%,50.3,1
2013,Miami Marlins,0.251,0.319,0.384,0.703,0.297,2.0%,19.1%,8.5%,22.8%,44.8%,23.9%,0.85,2.6,-0.7%,6.5,0
2013,Milwaukee Brewers,0.255,0.317,0.397,0.713,0.290,2.9%,18.4%,7.6%,23.5%,44.3%,23.4%,0.83,-8.0,-3.6%,-37.1,0
2013,Minnesota Twins,0.280,0.336,0.434,0.770,0.311,2.7%,15.7%,7.3%,22.3%,43.8%,25.1%,0.80,-7.9,-2.2%,-86.6,0
2013,New York Mets,0.256,0.316,0.393,0.709,0.299,2.4%,19.4%,7.3%,21.6%,44.1%,25.0%,0.83,-3.5,-2.8%,-47.7,0
2013,New York Yankees,0.261,0.318,0.413,0.731,0.305,2.8%,20.1%,7.1%,21.9%,44.1%,26.3%,0.81,6.9,2.9%,25.6,0
2013,Oakland Athletics,0.242,0.299,0.379,0.678,0.278,2.7%,19.5%,7.1%,23.1%,39.3%,26.6%,0.67,8.4,6.8%,63.2,1
2013,Philadelphia Phillies,0.265,0.331,0.415,0.746,0.310,2.5%,19.3%,8.1%,23.0%,44.1%,22.7%,0.83,-5.1,-1.8%,-114.4,0
2013,Pittsburgh Pirates,0.238,0.309,0.341,0.650,0.289,1.6%,20.5%,8.4%,21.9%,52.0%,19.1%,1.14,13.2,8.4%,59.1,1
2013,San Diego Padres,0.255,0.322,0.403,0.725,0.296,2.5%,19.0%,8.5%,23.4%,45.0%,23.1%,0.86,-4.7,-3.4%,-81.7,0
2013,San Francisco Giants,0.251,0.320,0.390,0.710,0.299,2.4%,20.4%,8.5%,25.8%,41.5%,23.0%,0.74,-8.1,-5.1%,-73.9,0
2013,Seattle Mariners,0.259,0.319,0.417,0.736,0.305,2.8%,20.7%,7.6%,23.7%,45.2%,23.2%,0.85,-4.4,-0.8%,-87.6,0
2013,St. Louis Cardinals,0.249,0.311,0.368,0.680,0.301,1.8%,20.5%,7.4%,23.2%,47.7%,20.8%,0.96,7.4,6.5%,56.6,1
2013,Tampa Bay Rays,0.240,0.305,0.381,0.686,0.286,2.5%,21.5%,7.9%,22.2%,44.8%,24.3%,0.83,5.2,8.1%,50.9,1
2013,Texas Rangers,0.248,0.313,0.387,0.701,0.296,2.6%,21.3%,8.1%,25.0%,42.9%,23.4%,0.77,9.3,8.0%,74.1,0
2013,Toronto Blue Jays,0.259,0.324,0.426,0.750,0.295,3.1%,19.3%,8.0%,21.6%,44.5%,25.2%,0.82,-5.7,-1.9%,-54.4,0
2013,Washington Nationals,0.249,0.305,0.379,0.683,0.296,2.4%,20.5%,6.7%,23.9%,43.9%,21.8%,0.82,4.4,0.8%,24.8,0
2012,Arizona Diamondbacks,0.261,0.317,0.415,0.732,0.306,2.6%,19.8%,6.9%,18.2%,44.8%,27.6%,0.86,-1.1,-0.5%,2.6,0
2012,Atlanta Braves,0.243,0.306,0.378,0.684,0.288,2.4%,20.6%,7.7%,18.5%,46.1%,27.4%,0.90,10.7,5.4%,95.6,1
2012,Baltimore Orioles,0.252,0.315,0.403,0.718,0.287,2.9%,18.8%,7.7%,17.6%,44.4%,28.6%,0.83,11.9,13.2%,34.4,1
2012,Boston Red Sox,0.262,0.331,0.428,0.759,0.298,3.1%,18.9%,8.5%,18.5%,46.1%,27.0%,0.88,-10.1,-2.6%,-81.4,0
2012,Chicago Cubs,0.259,0.335,0.424,0.759,0.296,2.9%,18.4%,9.3%,19.8%,42.6%,27.5%,0.78,-10.1,-1.6%,-86.6,0
2012,Chicago White Sox,0.250,0.319,0.405,0.724,0.290,3.1%,20.4%,8.3%,19.4%,42.4%,28.8%,0.76,3.5,0.9%,50.8,0
2012,Cincinnati Reds,0.247,0.305,0.390,0.695,0.291,2.5%,20.6%,7.1%,19.7%,45.2%,25.5%,0.85,12.0,6.2%,109.9,1
2012,Cleveland Indians,0.268,0.336,0.430,0.766,0.302,2.8%,17.3%,8.6%,19.0%,45.6%,27.2%,0.86,-10.4,-3.6%,-153.4,0
2012,Colorado Rockies,0.290,0.357,0.470,0.827,0.331,3.1%,17.9%,8.9%,21.8%,43.7%,25.1%,0.82,-16.3,-3.6%,-160.4,0
2012,Detroit Tigers,0.256,0.314,0.402,0.716,0.310,2.5%,21.8%,7.3%,18.6%,43.4%,27.8%,0.79,4.8,6.2%,53.8,1
2012,Houston Astros,0.270,0.337,0.427,0.765,0.312,2.8%,18.8%,8.7%,18.2%,46.7%,26.0%,0.92,-12.4,-1.4%,-119.4,0
2012,Kansas City Royals,0.270,0.339,0.423,0.762,0.314,2.6%,18.8%,8.7%,18.0%,42.6%,29.3%,0.77,-0.7,-0.9%,-24.4,0
2012,Los Angeles Angels of Anaheim,0.246,0.310,0.403,0.713,0.279,3.1%,19.2%,8.0%,17.1%,43.8%,30.0%,0.80,-0.9,-3.0%,-13.0,0
2012,Los Angeles Dodgers,0.238,0.310,0.364,0.675,0.288,2.0%,21.0%,8.9%,18.0%,44.6%,26.7%,0.85,8.1,4.8%,74.2,0
2012,Miami Marlins,0.263,0.327,0.399,0.726,0.305,2.2%,18.0%,8.0%,20.3%,43.8%,26.6%,0.82,-4.1,-0.2%,-34.0,0
2012,Milwaukee Brewers,0.261,0.326,0.414,0.740,0.318,2.7%,22.5%,8.4%,21.3%,43.3%,27.0%,0.80,-4.6,-1.9%,-30.6,0
2012,Minnesota Twins,0.274,0.333,0.442,0.775,0.296,3.2%,15.2%,7.5%,17.4%,45.7%,28.8%,0.86,-10.8,-2.5%,-128.8,0
2012,New York Mets,0.251,0.315,0.401,0.716,0.295,2.7%,20.4%,8.0%,18.6%,41.7%,28.3%,0.75,-6.0,-5.5%,-42.9,0
2012,New York Yankees,0.253,0.311,0.419,0.730,0.298,3.1%,21.7%,7.1%,18.6%,44.7%,27.2%,0.83,5.4,5.9%,58.6,1
2012,Oakland Athletics,0.245,0.306,0.378,0.684,0.282,2.4%,18.5%,7.5%,19.4%,41.3%,28.1%,0.73,11.9,8.8%,92.5,1
2012,Philadelphia Phillies,0.251,0.306,0.407,0.713,0.303,2.9%,22.8%,6.7%,18.8%,42.3%,28.2%,0.77,0.6,-1.0%,15.8,0
2012,Pittsburgh Pirates,0.249,0.314,0.390,0.703,0.290,2.5%,19.6%,8.0%,18.6%,45.8%,27.0%,0.89,0.6,-0.1%,-7.9,0
2012,San Diego Padres,0.248,0.319,0.398,0.718,0.289,2.6%,19.6%,8.8%,17.9%,46.5%,26.1%,0.91,-4.7,-1.1%,-61.7,0
2012,San Francisco Giants,0.248,0.313,0.393,0.706,0.294,2.3%,20.2%,8.0%,18.7%,44.6%,27.1%,0.85,3.9,3.1%,1.6,1
2012,Seattle Mariners,0.248,0.308,0.394,0.702,0.284,2.7%,19.2%,7.4%,19.1%,42.5%,28.5%,0.77,4.8,-0.5%,34.9,0
2012,St. Louis Cardinals,0.255,0.313,0.387,0.700,0.302,2.2%,19.8%,7.1%,19.4%,47.6%,24.4%,0.96,2.6,0.7%,39.6,1
2012,Tampa Bay Rays,0.228,0.294,0.352,0.646,0.279,2.3%,23.1%,7.8%,16.8%,47.7%,26.6%,0.94,14.0,8.9%,129.6,0
2012,Texas Rangers,0.250,0.309,0.408,0.716,0.294,2.9%,21.2%,7.4%,19.1%,43.7%,27.9%,0.79,8.9,0.5%,29.9,1
2012,Toronto Blue Jays,0.261,0.335,0.438,0.772,0.294,3.3%,18.4%,9.2%,18.9%,45.8%,25.8%,0.88,-3.6,-2.3%,-61.7,0
2012,Washington Nationals,0.237,0.303,0.373,0.676,0.287,2.1%,21.6%,8.1%,19.6%,44.7%,26.4%,0.86,11.1,7.9%,109.3,1
2011,Arizona Diamondbacks,0.257,0.316,0.409,0.725,0.290,2.6%,17.3%,7.2%,18.0%,41.0%,30.1%,0.73,5.6,3.3%,9.6,1
2011,Atlanta Braves,0.240,0.310,0.361,0.671,0.293,2.0%,21.4%,8.4%,16.4%,46.7%,28.4%,0.92,11.3,10.3%,73.0,0
2011,Baltimore Orioles,0.277,0.341,0.460,0.801,0.305,3.3%,16.5%,8.5%,17.1%,43.0%,31.2%,0.78,-9.7,-1.1%,-131.9,0
2011,Boston Red Sox,0.247,0.322,0.392,0.714,0.288,2.5%,19.4%,8.7%,16.3%,41.6%,30.9%,0.74,3.3,0.2%,9.2,0
2011,Chicago Cubs,0.262,0.335,0.413,0.748,0.307,2.6%,19.6%,9.3%,19.9%,42.1%,27.0%,0.77,-10.3,-3.3%,-92.9,0
2011,Chicago White Sox,0.261,0.317,0.397,0.714,0.306,2.4%,19.7%,7.1%,19.6%,43.7%,26.7%,0.81,8.2,3.1%,40.5,0
2011,Cincinnati Reds,0.255,0.325,0.415,0.740,0.286,3.0%,17.8%,8.6%,18.6%,44.2%,27.5%,0.83,-6.0,-3.3%,-40.9,0
2011,Cleveland Indians,0.263,0.323,0.413,0.737,0.295,2.5%,16.4%,7.4%,19.0%,45.2%,26.8%,0.85,0.7,2.2%,-59.6,0
2011,Colorado Rockies,0.265,0.331,0.431,0.763,0.301,2.8%,18.0%,8.4%,18.1%,45.5%,27.1%,0.87,-4.1,-1.4%,-51.4,0
2011,Detroit Tigers,0.257,0.321,0.396,0.717,0.295,2.4%,18.3%,8.1%,18.0%,44.4%,28.7%,0.82,7.0,5.0%,9.8,1
2011,Florida Marlins,0.253,0.316,0.401,0.718,0.297,2.4%,19.7%,8.1%,19.5%,43.8%,26.7%,0.82,-3.6,-1.7%,-34.1,0
2011,Houston Astros,0.266,0.337,0.432,0.770,0.307,3.0%,19.0%,8.9%,19.4%,42.7%,28.2%,0.78,-16.6,-3.2%,-150.4,0
2011,Kansas City Royals,0.267,0.337,0.425,0.762,0.303,2.6%,17.2%,8.9%,17.2%,43.4%,29.6%,0.80,-6.6,-1.8%,-41.7,0
2011,Los Angeles Angels of Anaheim,0.251,0.313,0.388,0.700,0.285,2.3%,17.3%,7.8%,15.9%,44.4%,30.2%,0.83,8.2,5.4%,63.4,0
2011,Los Angeles Dodgers,0.241,0.310,0.371,0.681,0.290,2.2%,21.1%,8.5%,17.6%,42.3%,28.6%,0.77,4.1,-1.5%,32.3,0
2011,Milwaukee Brewers,0.246,0.304,0.385,0.689,0.292,2.4%,20.8%,7.3%,19.2%,44.2%,27.5%,0.83,4.8,2.5%,35.8,1
2011,Minnesota Twins,0.281,0.340,0.435,0.775,0.310,2.6%,15.1%,7.7%,17.0%,43.9%,29.9%,0.81,-9.2,-1.3%,-100.1,0
2011,New York Mets,0.265,0.332,0.411,0.743,0.306,2.3%,17.8%,8.1%,17.2%,45.2%,27.1%,0.88,-10.2,-2.7%,-87.9,0
2011,New York Yankees,0.256,0.322,0.399,0.721,0.300,2.5%,19.7%,8.2%,18.9%,44.3%,28.1%,0.82,10.9,8.3%,86.5,1
2011,Oakland Athletics,0.250,0.317,0.378,0.696,0.292,2.2%,18.8%,8.4%,18.8%,43.4%,26.9%,0.79,4.6,2.3%,29.7,0
2011,Philadelphia Phillies,0.240,0.296,0.361,0.657,0.292,2.0%,21.4%,6.7%,17.7%,45.7%,24.7%,0.89,18.8,10.8%,147.7,1
2011,Pittsburgh Pirates,0.270,0.338,0.409,0.747,0.305,2.4%,16.3%,8.5%,19.0%,44.9%,26.5%,0.86,-6.0,0.6%,-66.3,0
2011,San Diego Padres,0.245,0.314,0.375,0.689,0.287,2.1%,18.8%,8.6%,18.4%,43.4%,27.6%,0.81,2.9,0.7%,31.4,0
2011,San Francisco Giants,0.232,0.309,0.346,0.655,0.288,1.6%,21.5%,9.1%,17.7%,45.6%,26.7%,0.89,10.4,7.9%,69.2,0
2011,Seattle Mariners,0.251,0.310,0.386,0.696,0.287,2.4%,18.1%,7.3%,18.9%,43.4%,28.0%,0.80,-1.4,2.0%,-0.3,0
2011,St. Louis Cardinals,0.261,0.319,0.398,0.717,0.300,2.2%,17.7%,7.2%,19.6%,46.7%,25.3%,0.92,-5.8,-8.0%,-31.2,1
2011,Tampa Bay Rays,0.234,0.303,0.383,0.686,0.267,2.7%,19.0%,8.4%,17.4%,41.6%,30.3%,0.73,6.3,5.1%,83.2,1
2011,Texas Rangers,0.244,0.307,0.392,0.698,0.280,2.8%,19.6%,7.7%,17.5%,42.5%,29.6%,0.77,6.8,5.5%,66.5,1
2011,Toronto Blue Jays,0.256,0.328,0.419,0.747,0.293,2.9%,18.6%,8.6%,18.8%,43.6%,28.5%,0.80,-0.7,-0.4%,-20.1,0
2011,Washington Nationals,0.256,0.319,0.382,0.701,0.293,2.1%,17.1%,7.8%,19.8%,43.5%,26.9%,0.81,4.8,0.1%,19.0,0
2010,Arizona Diamondbacks,0.271,0.340,0.448,0.788,0.300,3.4%,17.1%,8.8%,19.7%,40.8%,29.7%,0.72,-11.2,-3.9%,-122.4,0
2010,Atlanta Braves,0.246,0.314,0.376,0.690,0.295,2.1%,20.5%,8.3%,17.0%,48.4%,26.2%,0.99,4.9,8.5%,61.7,1
2010,Baltimore Orioles,0.270,0.336,0.434,0.770,0.298,3.0%,16.1%,8.3%,17.8%,41.5%,30.9%,0.73,-7.4,-2.0%,-75.7,0
2010,Boston Red Sox,0.253,0.327,0.399,0.726,0.295,2.4%,19.3%,9.3%,18.9%,42.9%,28.5%,0.78,0.7,0.9%,-2.8,0
2010,Chicago Cubs,0.255,0.334,0.398,0.732,0.303,2.5%,20.1%,9.6%,18.5%,42.4%,29.1%,0.77,3.5,0.0%,-54.2,0
2010,Chicago White Sox,0.264,0.325,0.395,0.720,0.308,2.2%,18.6%,7.9%,18.7%,44.1%,28.1%,0.82,2.7,-0.1%,21.3,0
2010,Cincinnati Reds,0.254,0.323,0.396,0.719,0.292,2.6%,18.3%,8.5%,19.3%,42.7%,28.6%,0.77,3.5,3.1%,28.5,1
2010,Cleveland Indians,0.269,0.342,0.416,0.758,0.300,2.4%,15.5%,9.2%,18.3%,47.5%,26.6%,0.93,-6.0,-2.4%,-64.6,0
2010,Colorado Rockies,0.257,0.326,0.397,0.724,0.307,2.3%,20.1%,8.6%,21.1%,45.3%,24.2%,0.87,3.8,1.1%,30.6,0
2010,Detroit Tigers,0.262,0.332,0.400,0.732,0.299,2.3%,17.0%,8.7%,19.7%,43.4%,27.3%,0.79,-3.2,-2.0%,-25.1,0
2010,Florida Marlins,0.261,0.331,0.398,0.728,0.306,2.2%,18.8%,8.8%,19.0%,42.8%,28.1%,0.79,-1.2,-2.2%,-7.9,0
2010,Houston Astros,0.261,0.330,0.402,0.732,0.309,2.3%,19.5%,8.8%,17.6%,43.8%,29.2%,0.82,-0.8,-1.0%,-35.8,0
2010,Kansas City Royals,0.276,0.342,0.435,0.777,0.307,2.8%,16.3%,8.7%,19.8%,41.3%,29.2%,0.73,-8.4,-2.4%,-138.2,0
2010,Los Angeles Angels of Anaheim,0.256,0.327,0.403,0.731,0.295,2.4%,18.1%,9.0%,17.2%,42.3%,31.3%,0.76,5.7,0.8%,2.7,0
2010,Los Angeles Dodgers,0.244,0.316,0.378,0.694,0.292,2.2%,20.8%,8.8%,18.2%,43.9%,26.5%,0.82,5.6,2.4%,-4.3,0
2010,Milwaukee Brewers,0.267,0.338,0.427,0.765,0.313,2.7%,19.9%,9.2%,21.0%,41.2%,27.9%,0.73,-7.3,-3.4%,-104.3,0
2010,Minnesota Twins,0.266,0.317,0.417,0.734,0.302,2.5%,17.2%,6.3%,17.5%,44.5%,28.4%,0.83,4.9,4.4%,38.4,1
2010,New York Mets,0.260,0.330,0.394,0.723,0.301,2.2%,17.7%,8.7%,19.7%,43.6%,26.3%,0.82,6.8,2.5%,43.6,0
2010,New York Yankees,0.249,0.322,0.399,0.721,0.283,2.9%,18.9%,8.9%,17.8%,43.4%,29.3%,0.79,4.9,4.7%,41.5,1
2010,Oakland Athletics,0.245,0.313,0.379,0.692,0.277,2.6%,17.8%,8.5%,18.4%,45.3%,26.8%,0.86,6.4,1.8%,76.8,0
2010,Philadelphia Phillies,0.254,0.311,0.405,0.716,0.294,2.8%,19.4%,6.8%,18.5%,45.4%,26.4%,0.87,10.2,10.2%,79.2,1
2010,Pittsburgh Pirates,0.282,0.348,0.449,0.798,0.316,2.7%,16.3%,8.5%,18.2%,43.0%,28.9%,0.79,-13.0,-1.8%,-185.9,0
2010,San Diego Padres,0.240,0.308,0.368,0.676,0.289,2.3%,21.4%,8.5%,18.3%,44.6%,28.4%,0.84,15.0,17.0%,97.4,0
2010,San Francisco Giants,0.236,0.313,0.370,0.683,0.286,2.2%,21.6%,9.4%,17.6%,41.4%,29.4%,0.74,13.3,18.3%,120.7,1
2010,Seattle Mariners,0.255,0.313,0.401,0.714,0.281,2.6%,16.0%,7.4%,20.1%,42.2%,28.3%,0.76,-1.8,-1.2%,-10.4,0
2010,St. Louis Cardinals,0.256,0.319,0.387,0.706,0.296,2.2%,17.8%,7.8%,18.4%,48.7%,24.7%,0.99,4.8,2.3%,58.7,0
2010,Tampa Bay Rays,0.244,0.308,0.404,0.711,0.280,2.9%,19.5%,7.8%,18.4%,40.5%,31.2%,0.70,7.7,7.9%,56.3,1
2010,Texas Rangers,0.246,0.319,0.390,0.709,0.283,2.6%,19.0%,8.9%,17.7%,40.6%,31.3%,0.71,5.9,5.0%,63.5,1
2010,Toronto Blue Jays,0.255,0.326,0.405,0.731,0.299,2.4%,19.2%,8.7%,19.2%,45.0%,26.8%,0.84,1.8,-0.5%,-8.4,0
2010,Washington Nationals,0.266,0.330,0.410,0.740,0.302,2.4%,17.2%,8.2%,20.7%,42.8%,26.5%,0.78,-6.4,-2.1%,-48.8,0
2009,Arizona Diamondbacks,0.263,0.330,0.419,0.749,0.303,2.7%,18.5%,8.4%,19.5%,42.4%,28.6%,0.78,-4.8,-0.7%,-45.7,0
2009,Atlanta Braves,0.254,0.323,0.390,0.713,0.305,1.9%,19.9%,8.5%,18.2%,44.8%,28.4%,0.86,8.0,3.0%,85.7,0
2009,Baltimore Orioles,0.288,0.353,0.476,0.828,0.309,3.4%,14.7%,8.6%,18.6%,42.2%,30.2%,0.75,-8.7,-1.7%,-102.8,0
2009,Boston Red Sox,0.267,0.335,0.422,0.757,0.313,2.7%,19.6%,8.4%,18.5%,40.7%,30.6%,0.71,8.4,9.0%,57.6,1
2009,Chicago Cubs,0.246,0.324,0.391,0.715,0.291,2.6%,20.6%,9.5%,16.9%,42.2%,29.6%,0.77,8.4,3.6%,67.8,0
2009,Chicago White Sox,0.261,0.325,0.414,0.739,0.297,2.8%,18.2%,8.2%,17.8%,44.1%,28.3%,0.82,6.0,1.2%,58.5,0
2009,Cincinnati Reds,0.258,0.333,0.418,0.751,0.287,3.0%,17.1%,9.2%,20.0%,41.5%,28.5%,0.74,4.1,0.5%,4.8,0
2009,Cleveland Indians,0.280,0.351,0.443,0.793,0.308,2.9%,15.5%,9.4%,18.9%,42.6%,29.0%,0.77,-11.3,-3.2%,-110.6,0
2009,Colorado Rockies,0.261,0.328,0.405,0.733,0.304,2.3%,18.7%,8.6%,19.6%,46.3%,25.3%,0.91,8.5,8.7%,42.7,1
2009,Detroit Tigers,0.263,0.336,0.422,0.759,0.296,2.9%,17.7%,9.5%,20.2%,42.4%,27.9%,0.76,6.1,3.0%,34.5,0
2009,Florida Marlins,0.257,0.333,0.408,0.741,0.304,2.5%,19.8%,9.5%,19.9%,42.3%,28.0%,0.77,-1.6,-2.4%,-37.0,0
2009,Houston Astros,0.275,0.344,0.440,0.784,0.317,2.8%,18.3%,8.8%,16.6%,45.3%,28.8%,0.87,-4.8,-2.0%,-63.7,0
2009,Kansas City Royals,0.269,0.343,0.422,0.765,0.310,2.7%,18.4%,9.6%,18.4%,43.0%,29.1%,0.79,-7.1,-1.4%,-86.7,0
2009,Los Angeles Angels of Anaheim,0.272,0.338,0.432,0.770,0.305,2.9%,17.0%,8.4%,17.1%,41.4%,31.4%,0.73,4.2,2.1%,9.7,1
2009,Los Angeles Dodgers,0.233,0.312,0.361,0.673,0.280,2.1%,20.6%,9.5%,17.3%,42.9%,27.8%,0.79,9.3,7.5%,106.5,1
2009,Milwaukee Brewers,0.268,0.345,0.450,0.795,0.299,3.3%,17.4%,9.6%,18.6%,42.0%,29.7%,0.76,-9.2,-5.4%,-108.9,0
2009,Minnesota Twins,0.272,0.331,0.431,0.762,0.303,3.0%,16.8%,7.4%,17.5%,41.1%,30.8%,0.71,2.8,3.4%,7.9,1
2009,New York Mets,0.264,0.342,0.418,0.759,0.297,2.5%,16.4%,9.8%,19.5%,41.8%,27.7%,0.75,-6.9,-1.9%,-56.3,0
2009,New York Yankees,0.251,0.327,0.408,0.734,0.292,2.9%,20.2%,9.2%,19.6%,42.5%,28.3%,0.76,9.4,5.9%,48.2,1
2009,Oakland Athletics,0.265,0.329,0.413,0.742,0.304,2.5%,18.0%,8.4%,18.2%,43.7%,29.1%,0.80,0.7,0.1%,8.9,0
2009,Philadelphia Phillies,0.265,0.329,0.427,0.757,0.300,3.0%,18.4%,7.8%,19.7%,40.2%,28.6%,0.70,-0.4,1.8%,18.7,1
2009,Pittsburgh Pirates,0.276,0.346,0.442,0.788,0.305,2.5%,15.0%,9.2%,17.1%,43.4%,29.9%,0.80,-10.2,-1.3%,-67.9,0
2009,San Diego Padres,0.258,0.333,0.406,0.739,0.298,2.7%,18.9%,9.6%,18.5%,42.4%,29.2%,0.77,-4.6,-2.0%,-80.6,0
2009,San Francisco Giants,0.236,0.314,0.372,0.686,0.284,2.3%,21.3%,9.6%,18.5%,42.1%,28.8%,0.77,13.6,10.0%,111.9,0
2009,Seattle Mariners,0.247,0.316,0.394,0.710,0.274,2.8%,16.9%,8.7%,20.0%,40.9%,29.9%,0.71,9.2,3.3%,64.5,0
2009,St. Louis Cardinals,0.258,0.319,0.386,0.706,0.296,2.0%,17.2%,7.6%,18.6%,49.1%,22.8%,1.02,6.9,5.7%,68.9,1
2009,Tampa Bay Rays,0.257,0.324,0.417,0.741,0.291,3.0%,18.3%,8.4%,20.9%,40.8%,29.2%,0.71,0.8,0.8%,10.6,0
2009,Texas Rangers,0.260,0.331,0.416,0.747,0.289,2.8%,16.5%,8.6%,20.7%,42.5%,27.4%,0.76,6.3,6.9%,46.6,0
2009,Toronto Blue Jays,0.270,0.339,0.434,0.772,0.310,2.9%,18.8%,8.8%,20.1%,44.4%,27.3%,0.82,-2.0,1.1%,8.6,0
2009,Washington Nationals,0.276,0.352,0.450,0.802,0.302,2.7%,14.4%,9.9%,20.6%,43.6%,26.3%,0.81,-17.8,-3.7%,-167.9,0
2008,Arizona Diamondbacks,0.256,0.318,0.398,0.716,0.303,2.4%,20.1%,7.4%,18.5%,44.2%,27.2%,0.83,3.3,-0.5%,49.7,0
2008,Atlanta Braves,0.263,0.336,0.423,0.758,0.299,2.5%,17.2%,9.4%,16.7%,46.7%,27.8%,0.92,-5.6,-0.2%,-55.0,0
2008,Baltimore Orioles,0.277,0.361,0.435,0.796,0.300,2.9%,14.4%,10.7%,18.0%,44.1%,28.9%,0.81,-12.1,-1.2%,-111.5,0
2008,Boston Red Sox,0.250,0.323,0.390,0.713,0.292,2.4%,19.2%,8.9%,17.7%,43.2%,29.2%,0.79,9.5,7.4%,97.7,1
2008,Chicago Cubs,0.242,0.316,0.395,0.711,0.284,2.6%,20.4%,8.9%,17.1%,41.0%,30.2%,0.72,8.4,5.8%,89.9,1
2008,Chicago White Sox,0.261,0.320,0.410,0.731,0.301,2.5%,18.5%,7.4%,17.8%,45.1%,26.7%,0.85,9.7,14.3%,61.5,1
2008,Cincinnati Reds,0.275,0.345,0.450,0.796,0.318,3.2%,19.3%,8.8%,20.5%,41.9%,27.5%,0.75,-5.3,-2.0%,-59.5,0
2008,Cleveland Indians,0.273,0.330,0.424,0.754,0.303,2.8%,16.0%,7.2%,18.4%,44.2%,28.3%,0.82,-0.6,0.6%,-2.4,0
2008,Colorado Rockies,0.276,0.344,0.431,0.775,0.313,2.3%,16.4%,8.9%,19.6%,45.9%,25.2%,0.89,-3.5,-2.0%,-55.0,0
2008,Detroit Tigers,0.274,0.353,0.437,0.791,0.304,2.7%,15.5%,10.1%,20.3%,41.8%,27.5%,0.74,-9.4,-2.4%,-87.5,0
2008,Florida Marlins,0.258,0.333,0.407,0.740,0.296,2.6%,18.0%,9.3%,19.8%,40.7%,27.6%,0.72,-4.1,-3.7%,-35.1,0
2008,Houston Astros,0.264,0.328,0.440,0.768,0.296,3.2%,17.9%,8.0%,16.5%,42.9%,31.3%,0.78,0.4,-3.5%,-30.0,0
2008,Kansas City Royals,0.264,0.328,0.415,0.743,0.300,2.6%,17.5%,8.3%,19.7%,41.3%,28.6%,0.72,2.5,0.7%,-18.7,0
2008,Los Angeles Angels of Anaheim,0.261,0.323,0.406,0.729,0.299,2.6%,18.0%,7.4%,18.0%,43.8%,28.9%,0.80,14.4,8.9%,82.1,1
2008,Los Angeles Dodgers,0.251,0.315,0.376,0.691,0.299,2.0%,19.7%,7.8%,17.4%,48.7%,25.9%,1.00,6.3,7.3%,82.7,1
2008,Milwaukee Brewers,0.256,0.323,0.406,0.729,0.289,2.8%,17.9%,8.5%,18.6%,44.0%,27.5%,0.83,3.7,5.8%,46.5,1
2008,Minnesota Twins,0.274,0.324,0.431,0.755,0.303,2.9%,16.0%,6.5%,17.8%,41.8%,31.3%,0.74,2.4,5.4%,11.1,0
2008,New York Mets,0.254,0.331,0.397,0.729,0.294,2.6%,18.6%,9.3%,19.1%,42.4%,28.0%,0.77,0.9,-1.5%,22.6,0
2008,New York Yankees,0.266,0.329,0.405,0.733,0.309,2.3%,18.5%,7.9%,20.1%,45.2%,26.0%,0.85,8.1,2.6%,47.3,0
2008,Oakland Athletics,0.253,0.328,0.392,0.720,0.289,2.2%,17.4%,9.4%,19.3%,40.9%,30.4%,0.71,5.4,4.6%,48.6,0
2008,Philadelphia Phillies,0.260,0.329,0.410,0.739,0.295,2.6%,17.4%,8.6%,19.8%,44.1%,25.4%,0.83,7.1,7.8%,62.5,1
2008,Pittsburgh Pirates,0.286,0.362,0.454,0.816,0.316,2.7%,14.8%,10.1%,19.2%,43.0%,28.7%,0.80,-13.5,-3.3%,-156.2,0
2008,San Diego Padres,0.263,0.332,0.409,0.741,0.299,2.6%,17.5%,8.9%,20.1%,41.5%,27.5%,0.75,-5.7,-0.2%,-67.1,0
2008,San Francisco Giants,0.258,0.341,0.404,0.745,0.305,2.3%,19.6%,10.3%,20.4%,38.0%,31.3%,0.64,-0.8,-0.6%,-19.1,0
2008,Seattle Mariners,0.276,0.351,0.433,0.784,0.309,2.5%,16.0%,9.8%,20.2%,43.9%,26.7%,0.81,-10.7,-1.5%,-69.6,0
2008,St. Louis Cardinals,0.270,0.332,0.431,0.764,0.298,2.6%,15.3%,7.9%,20.6%,44.7%,25.8%,0.84,-1.0,-2.0%,8.3,0
2008,Tampa Bay Rays,0.246,0.314,0.400,0.715,0.280,2.7%,18.6%,8.6%,19.4%,40.0%,28.9%,0.69,13.6,11.1%,106.7,1
2008,Texas Rangers,0.288,0.362,0.455,0.817,0.317,2.7%,14.8%,9.6%,21.2%,42.5%,28.0%,0.76,-11.5,-4.8%,-200.4,0
2008,Toronto Blue Jays,0.244,0.309,0.380,0.689,0.286,2.2%,19.5%,7.7%,18.4%,46.1%,26.7%,0.88,12.9,3.4%,146.6,0
2008,Washington Nationals,0.270,0.343,0.436,0.778,0.301,3.0%,16.9%,9.3%,19.5%,41.7%,28.9%,0.75,-10.7,-1.1%,-103.4,0
2007,Arizona Diamondbacks,0.262,0.334,0.420,0.753,0.298,2.7%,17.5%,8.8%,19.2%,43.4%,28.3%,0.80,12.3,13.1%,52.2,1
2007,Atlanta Braves,0.259,0.327,0.415,0.742,0.293,2.8%,17.7%,8.6%,16.0%,44.3%,30.1%,0.83,1.8,-0.8%,22.9,0
2007,Baltimore Orioles,0.268,0.354,0.412,0.766,0.305,2.5%,16.9%,10.8%,18.7%,44.7%,28.5%,0.83,-6.6,-0.2%,-75.6,0
2007,Boston Red Sox,0.247,0.314,0.392,0.705,0.286,2.5%,18.9%,7.9%,18.8%,42.6%,28.6%,0.76,14.7,8.0%,154.9,1
2007,Chicago Cubs,0.246,0.322,0.399,0.721,0.286,2.7%,19.6%,9.3%,18.8%,40.8%,28.7%,0.72,7.6,6.9%,87.6,1
2007,Chicago White Sox,0.276,0.338,0.435,0.773,0.307,2.8%,16.1%,7.9%,19.4%,42.8%,27.6%,0.78,0.2,0.1%,-36.2,0
2007,Cincinnati Reds,0.282,0.343,0.456,0.800,0.315,3.1%,16.8%,7.6%,20.8%,39.6%,28.5%,0.68,-7.1,-1.2%,-78.8,0
2007,Cleveland Indians,0.268,0.322,0.407,0.729,0.304,2.4%,16.9%,6.6%,17.9%,45.4%,27.0%,0.86,13.1,11.6%,97.1,1
2007,Colorado Rockies,0.266,0.330,0.423,0.753,0.294,2.6%,15.4%,8.0%,19.9%,45.8%,25.1%,0.88,0.9,3.0%,42.1,1
2007,Detroit Tigers,0.266,0.338,0.427,0.765,0.297,2.7%,16.5%,8.9%,18.1%,44.7%,28.2%,0.83,2.4,0.9%,-0.7,0
2007,Florida Marlins,0.285,0.364,0.442,0.806,0.327,2.7%,17.5%,10.1%,20.1%,41.2%,28.1%,0.74,-12.9,-3.1%,-150.4,0
2007,Houston Astros,0.273,0.337,0.454,0.791,0.305,3.2%,17.3%,8.0%,17.9%,43.5%,28.6%,0.81,0.1,-0.3%,-40.0,0
2007,Kansas City Royals,0.277,0.339,0.445,0.785,0.307,2.7%,15.9%,8.3%,19.9%,40.9%,30.3%,0.71,-0.2,-1.1%,8.5,0
2007,Los Angeles Angels of Anaheim,0.266,0.328,0.412,0.739,0.309,2.5%,18.8%,7.7%,18.7%,42.1%,30.1%,0.75,8.7,6.2%,59.0,1
2007,Los Angeles Dodgers,0.261,0.326,0.399,0.725,0.306,2.4%,19.1%,8.4%,18.5%,44.7%,26.1%,0.86,6.0,5.4%,40.9,0
2007,Milwaukee Brewers,0.269,0.333,0.422,0.754,0.312,2.6%,18.7%,8.1%,19.6%,41.2%,28.7%,0.73,0.3,-3.0%,-16.7,0
2007,Minnesota Twins,0.269,0.324,0.431,0.755,0.304,3.0%,17.8%,6.9%,17.3%,42.9%,30.3%,0.77,6.4,3.3%,42.7,0
2007,New York Mets,0.255,0.329,0.409,0.737,0.291,2.6%,18.0%,9.1%,19.2%,40.8%,28.8%,0.72,1.8,-2.2%,5.7,0
2007,New York Yankees,0.268,0.340,0.417,0.757,0.301,2.4%,16.0%,9.2%,20.0%,42.5%,28.4%,0.76,1.7,2.7%,22.3,1
2007,Oakland Athletics,0.263,0.329,0.404,0.733,0.298,2.2%,16.6%,8.5%,19.5%,44.4%,26.7%,0.83,0.9,3.2%,8.6,0
2007,Philadelphia Phillies,0.276,0.346,0.451,0.797,0.306,3.1%,16.4%,8.7%,19.6%,43.0%,27.9%,0.79,-2.3,2.2%,-45.2,1
2007,Pittsburgh Pirates,0.288,0.352,0.447,0.799,0.320,2.7%,15.6%,8.1%,19.3%,43.3%,27.2%,0.80,-5.2,0.6%,-95.6,0
2007,San Diego Padres,0.250,0.311,0.374,0.686,0.291,1.9%,18.2%,7.6%,18.5%,45.0%,26.7%,0.86,10.5,1.5%,79.7,0
2007,San Francisco Giants,0.261,0.334,0.405,0.740,0.298,2.1%,16.8%,9.4%,18.6%,42.2%,28.6%,0.77,1.1,0.9%,47.8,0
2007,Seattle Mariners,0.281,0.349,0.431,0.780,0.319,2.3%,16.2%,8.7%,19.5%,43.3%,26.8%,0.79,1.7,-1.2%,-44.0,0
2007,St. Louis Cardinals,0.271,0.336,0.431,0.768,0.297,2.7%,15.0%,8.1%,19.1%,43.2%,27.2%,0.79,-0.7,-1.8%,-77.3,0
2007,Tampa Bay Devil Rays,0.290,0.358,0.467,0.826,0.334,3.1%,18.7%,8.9%,20.1%,40.9%,29.1%,0.72,-13.5,-3.4%,-165.9,0
2007,Texas Rangers,0.274,0.356,0.423,0.780,0.306,2.4%,15.3%,10.5%,20.4%,46.0%,25.5%,0.88,-6.4,-2.5%,-60.5,0
2007,Toronto Blue Jays,0.251,0.315,0.391,0.706,0.283,2.6%,17.5%,7.8%,19.1%,48.7%,23.7%,0.98,6.1,0.1%,91.8,0
2007,Washington Nationals,0.269,0.339,0.433,0.772,0.290,3.0%,14.7%,9.2%,19.9%,39.3%,29.2%,0.67,-0.7,-0.4%,-46.8,0
2006,Arizona Diamondbacks,0.267,0.335,0.431,0.767,0.304,2.7%,17.6%,8.5%,18.8%,45.9%,25.9%,0.89,3.1,0.8%,16.3,0
2006,Atlanta Braves,0.273,0.343,0.438,0.781,0.304,2.9%,16.5%,9.0%,19.6%,44.0%,27.3%,0.82,-5.8,-3.5%,-31.7,0
2006,Baltimore Orioles,0.284,0.357,0.462,0.819,0.311,3.4%,16.1%,9.7%,19.7%,42.0%,29.9%,0.75,-8.6,-2.2%,-120.3,0
2006,Boston Red Sox,0.279,0.343,0.447,0.789,0.313,2.9%,17.0%,8.1%,18.9%,43.7%,28.0%,0.80,0.7,-2.9%,-12.0,0
2006,Chicago Cubs,0.255,0.342,0.431,0.774,0.291,3.3%,19.6%,10.8%,18.3%,41.2%,29.4%,0.74,-6.7,-0.3%,-47.0,0
2006,Chicago White Sox,0.271,0.326,0.440,0.766,0.296,3.2%,16.2%,7.0%,16.9%,42.7%,30.0%,0.77,2.8,1.1%,20.3,0
2006,Cincinnati Reds,0.278,0.337,0.457,0.794,0.307,3.4%,16.7%,7.3%,20.5%,41.0%,27.8%,0.73,-1.2,-2.8%,-8.9,0
2006,Cleveland Indians,0.282,0.335,0.431,0.766,0.311,2.7%,15.3%,6.9%,18.5%,44.7%,27.5%,0.83,-6.7,-2.9%,-1.6,0
2006,Colorado Rockies,0.277,0.346,0.438,0.785,0.307,2.5%,15.1%,8.8%,19.0%,45.0%,27.5%,0.85,1.3,4.0%,3.8,0
2006,Detroit Tigers,0.257,0.321,0.405,0.725,0.286,2.6%,16.3%,8.0%,18.5%,45.5%,26.3%,0.86,13.4,9.1%,123.7,1
2006,Florida Marlins,0.267,0.347,0.423,0.771,0.304,2.6%,17.3%,9.9%,18.7%,41.9%,28.3%,0.75,-4.3,-3.1%,-18.6,0
2006,Houston Astros,0.256,0.319,0.421,0.740,0.291,2.9%,18.7%,7.7%,17.9%,44.4%,28.1%,0.84,8.2,4.7%,73.4,0
2006,Kansas City Royals,0.292,0.367,0.476,0.843,0.314,3.3%,14.1%,9.9%,20.4%,41.9%,29.4%,0.74,-16.7,-2.1%,-180.6,0
2006,Los Angeles Angels of Anaheim,0.254,0.316,0.402,0.719,0.294,2.6%,18.9%,7.7%,16.6%,41.9%,32.1%,0.74,10.9,4.5%,68.5,0
2006,Los Angeles Dodgers,0.269,0.330,0.418,0.748,0.307,2.4%,17.0%,7.8%,17.4%,47.3%,26.3%,0.94,6.8,8.1%,41.9,1
2006,Milwaukee Brewers,0.265,0.333,0.438,0.771,0.302,2.9%,18.4%,8.3%,18.7%,41.1%,28.1%,0.74,-4.6,-3.2%,-60.9,0
2006,Minnesota Twins,0.267,0.312,0.423,0.735,0.305,3.0%,19.2%,5.9%,17.3%,43.7%,29.7%,0.80,12.4,8.4%,103.3,1
2006,New York Mets,0.253,0.323,0.407,0.730,0.288,2.9%,18.6%,8.5%,17.9%,42.8%,29.0%,0.78,8.5,5.3%,49.2,1
2006,New York Yankees,0.262,0.326,0.413,0.740,0.291,2.7%,16.4%,8.0%,17.7%,43.2%,29.1%,0.78,3.6,2.6%,31.8,1
2006,Oakland Athletics,0.272,0.338,0.422,0.759,0.303,2.6%,16.0%,8.4%,19.1%,42.3%,28.3%,0.75,9.3,9.6%,60.9,1
2006,Philadelphia Phillies,0.275,0.339,0.460,0.798,0.308,3.3%,17.9%,8.0%,19.4%,42.7%,27.6%,0.78,-0.2,1.9%,-10.6,0
2006,Pittsburgh Pirates,0.281,0.357,0.431,0.789,0.320,2.5%,16.7%,9.8%,18.5%,44.1%,26.3%,0.85,-1.3,-1.2%,-28.8,0
2006,San Diego Padres,0.249,0.312,0.404,0.716,0.280,2.9%,17.8%,7.6%,18.6%,40.9%,29.1%,0.72,9.1,10.5%,80.1,1
2006,San Francisco Giants,0.261,0.337,0.415,0.752,0.291,2.5%,15.9%,9.4%,18.6%,41.2%,29.5%,0.73,-1.7,-1.7%,-17.5,0
2006,Seattle Mariners,0.267,0.337,0.432,0.769,0.299,2.9%,17.0%,8.9%,18.7%,43.1%,28.3%,0.78,3.5,0.9%,-8.5,0
2006,St. Louis Cardinals,0.268,0.337,0.443,0.779,0.294,3.1%,15.7%,8.1%,18.9%,45.7%,25.9%,0.88,0.9,3.7%,6.7,1
2006,Tampa Bay Devil Rays,0.286,0.358,0.452,0.810,0.315,2.8%,15.4%,9.5%,19.3%,41.9%,29.2%,0.74,-8.1,-2.3%,-79.1,0
2006,Texas Rangers,0.278,0.341,0.424,0.766,0.309,2.6%,15.6%,8.0%,18.8%,46.4%,26.8%,0.89,-2.1,-2.2%,9.2,0
2006,Toronto Blue Jays,0.262,0.328,0.422,0.750,0.293,3.0%,17.5%,8.2%,19.1%,45.9%,25.5%,0.88,3.3,-0.7%,35.6,0
2006,Washington Nationals,0.274,0.349,0.447,0.796,0.298,3.0%,14.9%,9.1%,19.7%,38.3%,29.5%,0.65,-12.7,-2.4%,-121.3,0
2005,Arizona Diamondbacks,0.278,0.345,0.455,0.799,0.309,3.0%,16.2%,8.4%,19.5%,44.0%,26.7%,0.83,0.6,-4.0%,-110.0,0
2005,Atlanta Braves,0.268,0.333,0.406,0.739,0.298,2.3%,15.0%,8.4%,18.9%,45.4%,26.5%,0.88,1.8,4.5%,57.4,1
2005,Baltimore Orioles,0.263,0.336,0.416,0.752,0.294,2.9%,16.9%,9.3%,19.6%,44.6%,26.6%,0.83,-4.2,-1.7%,-53.8,0
2005,Boston Red Sox,0.276,0.335,0.441,0.776,0.305,2.6%,15.4%,7.1%,16.2%,43.2%,30.6%,0.78,-2.4,-0.3%,-39.2,1
2005,Chicago Cubs,0.250,0.325,0.407,0.732,0.290,3.0%,20.3%,9.3%,17.6%,45.3%,26.9%,0.88,1.8,-0.8%,30.2,0
2005,Chicago White Sox,0.249,0.310,0.397,0.707,0.278,2.7%,16.8%,7.4%,16.7%,43.4%,28.8%,0.80,17.5,7.2%,139.5,1
2005,Cincinnati Reds,0.290,0.352,0.483,0.835,0.313,3.4%,14.9%,7.7%,19.8%,40.6%,28.4%,0.72,-13.5,-2.8%,-165.0,0
2005,Cleveland Indians,0.247,0.302,0.387,0.689,0.277,2.6%,17.4%,6.8%,18.4%,44.2%,27.6%,0.82,10.9,11.0%,103.7,0
2005,Colorado Rockies,0.287,0.362,0.457,0.819,0.319,2.7%,15.4%,9.5%,20.1%,42.9%,27.3%,0.79,-8.5,-3.0%,-101.8,0
2005,Detroit Tigers,0.272,0.330,0.436,0.767,0.292,3.1%,14.8%,7.5%,16.9%,45.9%,27.8%,0.88,-3.7,-0.9%,-43.5,0
2005,Florida Marlins,0.266,0.339,0.402,0.741,0.313,1.9%,18.0%,9.0%,18.2%,43.9%,25.6%,0.83,2.7,1.4%,-23.8,0
2005,Houston Astros,0.246,0.308,0.389,0.697,0.285,2.6%,19.3%,7.3%,17.9%,45.8%,26.7%,0.88,15.5,13.4%,127.9,1
2005,Kansas City Royals,0.291,0.362,0.463,0.825,0.319,2.8%,14.5%,9.1%,19.3%,43.7%,26.7%,0.80,-17.6,-1.7%,-196.7,0
2005,Los Angeles Angels of Anaheim,0.254,0.312,0.401,0.713,0.290,2.6%,18.3%,7.2%,16.5%,40.3%,32.2%,0.70,12.7,12.5%,118.1,1
2005,Los Angeles Dodgers,0.263,0.327,0.429,0.756,0.291,3.0%,16.4%,7.7%,16.6%,45.0%,28.2%,0.87,-5.8,-4.1%,-38.2,0
2005,Milwaukee Brewers,0.251,0.324,0.408,0.733,0.289,2.7%,18.9%,9.2%,18.8%,41.0%,29.1%,0.73,1.0,0.0%,26.0,0
2005,Minnesota Twins,0.261,0.307,0.408,0.715,0.287,2.8%,15.9%,5.7%,16.4%,44.6%,28.1%,0.84,10.0,5.0%,112.9,0
2005,New York Mets,0.255,0.321,0.387,0.708,0.289,2.2%,16.5%,8.0%,17.5%,43.9%,27.8%,0.83,2.8,0.3%,65.5,0
2005,New York Yankees,0.269,0.332,0.422,0.754,0.299,2.7%,15.9%,7.5%,17.1%,46.3%,27.6%,0.88,-1.0,3.2%,-43.8,1
2005,Oakland Athletics,0.241,0.311,0.382,0.693,0.273,2.5%,17.7%,8.3%,19.4%,43.5%,26.7%,0.79,8.2,8.4%,102.2,0
2005,Philadelphia Phillies,0.253,0.320,0.426,0.746,0.287,3.1%,18.9%,8.0%,20.2%,43.0%,25.8%,0.79,5.5,2.9%,17.0,0
2005,Pittsburgh Pirates,0.267,0.344,0.424,0.769,0.294,2.6%,15.3%,9.8%,18.6%,42.9%,28.0%,0.79,-4.9,0.1%,-47.3,0
2005,San Diego Padres,0.259,0.322,0.408,0.731,0.298,2.3%,18.1%,8.0%,18.8%,42.3%,28.3%,0.76,3.2,0.7%,-21.2,1
2005,San Francisco Giants,0.263,0.336,0.412,0.748,0.293,2.4%,15.5%,9.4%,19.4%,41.1%,28.0%,0.73,-1.0,-3.6%,-9.0,0
2005,Seattle Mariners,0.268,0.332,0.422,0.754,0.289,2.9%,14.5%,8.0%,18.5%,41.0%,30.1%,0.72,-5.3,-1.8%,-20.6,0
2005,St. Louis Cardinals,0.257,0.318,0.398,0.716,0.286,2.5%,16.1%,7.3%,18.2%,49.8%,23.7%,1.05,12.4,6.4%,102.2,1
2005,Tampa Bay Devil Rays,0.280,0.355,0.455,0.810,0.305,3.0%,14.9%,9.6%,19.4%,37.9%,31.5%,0.63,-14.7,-2.5%,-197.3,0
2005,Texas Rangers,0.279,0.343,0.428,0.772,0.307,2.5%,14.6%,8.2%,19.4%,45.1%,26.2%,0.85,-6.4,-3.7%,-81.4,0
2005,Toronto Blue Jays,0.264,0.324,0.418,0.742,0.288,3.0%,15.5%,7.2%,17.8%,45.4%,26.6%,0.86,4.7,2.7%,61.1,0
2005,Washington Nationals,0.262,0.333,0.396,0.729,0.295,2.2%,15.9%,8.6%,18.9%,39.6%,29.1%,0.69,9.2,8.1%,45.3,0
2004,Anaheim Angels,0.263,0.326,0.415,0.740,0.302,2.7%,18.6%,8.0%,17.2%,41.3%,31.2%,0.73,8.8,11.7%,64.6,1
2004,Arizona Diamondbacks,0.266,0.350,0.439,0.790,0.302,3.1%,18.0%,10.4%,18.9%,45.0%,27.0%,0.86,-13.5,-2.2%,-138.8,0
2004,Atlanta Braves,0.265,0.329,0.400,0.729,0.299,2.5%,16.5%,8.4%,18.8%,45.8%,27.0%,0.89,9.1,6.5%,91.1,1
2004,Baltimore Orioles,0.264,0.348,0.404,0.752,0.300,2.5%,16.9%,10.6%,18.3%,44.9%,27.4%,0.84,1.1,-0.8%,-24.9,0
2004,Boston Red Sox,0.255,0.318,0.408,0.727,0.292,2.6%,18.2%,7.2%,16.7%,45.0%,28.8%,0.84,8.4,8.5%,64.9,1
2004,Chicago Cubs,0.247,0.321,0.395,0.716,0.295,2.7%,21.5%,8.7%,17.2%,44.3%,27.0%,0.85,9.2,11.6%,101.9,0
2004,Chicago White Sox,0.272,0.338,0.453,0.791,0.295,3.6%,16.4%,8.5%,19.0%,43.2%,27.4%,0.79,-4.0,-2.0%,-27.7,0
2004,Cincinnati Reds,0.280,0.348,0.481,0.830,0.301,3.7%,15.4%,8.9%,20.1%,41.6%,26.7%,0.75,-10.9,-6.7%,-167.8,0
2004,Cleveland Indians,0.271,0.342,0.445,0.787,0.304,3.1%,17.3%,9.0%,18.1%,43.7%,28.9%,0.80,-5.1,-4.0%,-65.3,0
2004,Colorado Rockies,0.290,0.372,0.471,0.843,0.316,3.0%,14.5%,10.7%,19.6%,44.0%,26.0%,0.83,-15.0,-3.7%,-134.4,0
2004,Detroit Tigers,0.275,0.340,0.441,0.781,0.302,3.0%,15.8%,8.4%,18.6%,45.3%,26.4%,0.86,-6.8,-1.5%,-64.0,0
2004,Florida Marlins,0.256,0.324,0.412,0.735,0.292,2.7%,18.3%,8.4%,18.1%,43.3%,27.3%,0.80,1.2,0.7%,31.4,0
2004,Houston Astros,0.258,0.328,0.417,0.745,0.305,2.8%,20.7%,8.5%,19.3%,43.6%,26.4%,0.81,6.2,7.8%,57.0,1
2004,Kansas City Royals,0.290,0.352,0.476,0.828,0.310,3.3%,14.0%,8.2%,19.7%,40.5%,29.5%,0.70,-12.6,-3.0%,-114.8,0
2004,Los Angeles Dodgers,0.254,0.323,0.408,0.732,0.284,2.9%,17.3%,8.5%,18.7%,40.7%,27.7%,0.73,7.2,7.8%,55.5,1
2004,Milwaukee Brewers,0.259,0.320,0.417,0.737,0.293,2.6%,17.7%,7.7%,19.9%,43.3%,26.1%,0.80,-0.3,2.4%,-7.6,0
2004,Minnesota Twins,0.267,0.323,0.406,0.729,0.305,2.7%,17.9%,6.9%,16.1%,44.3%,29.7%,0.83,14.1,10.9%,112.3,1
2004,Montreal Expos,0.266,0.342,0.431,0.772,0.294,3.0%,16.4%,9.2%,18.7%,44.5%,27.4%,0.84,0.1,0.5%,-1.0,0
2004,New York Mets,0.261,0.335,0.405,0.740,0.289,2.5%,15.4%,9.4%,16.9%,45.0%,27.7%,0.86,1.5,0.9%,18.1,0
2004,New York Yankees,0.271,0.328,0.432,0.760,0.302,2.9%,17.0%,7.1%,17.7%,42.7%,29.1%,0.77,6.6,4.1%,-9.8,1
2004,Oakland Athletics,0.262,0.332,0.409,0.741,0.293,2.6%,16.4%,8.6%,18.8%,46.2%,25.0%,0.89,9.4,4.9%,73.6,0
2004,Philadelphia Phillies,0.264,0.330,0.448,0.778,0.291,3.4%,17.0%,8.0%,19.1%,40.9%,27.9%,0.73,-0.1,-1.5%,0.8,0
2004,Pittsburgh Pirates,0.267,0.342,0.416,0.758,0.306,2.4%,17.4%,9.3%,18.4%,44.1%,27.4%,0.83,-1.5,-1.1%,-6.8,0
2004,San Diego Padres,0.263,0.318,0.431,0.749,0.295,3.0%,17.6%,6.9%,17.8%,42.4%,29.3%,0.77,1.7,0.3%,12.4,0
2004,San Francisco Giants,0.265,0.332,0.423,0.755,0.295,2.6%,16.1%,8.7%,18.8%,44.1%,26.8%,0.83,-2.3,-2.5%,-10.5,0
2004,Seattle Mariners,0.265,0.338,0.441,0.779,0.289,3.3%,16.2%,9.0%,18.8%,38.8%,31.0%,0.65,-2.6,-0.2%,-21.0,0
2004,St. Louis Cardinals,0.251,0.313,0.403,0.715,0.280,2.8%,17.1%,7.2%,18.9%,47.2%,24.8%,0.94,12.7,5.0%,93.0,1
2004,Tampa Bay Devil Rays,0.265,0.342,0.438,0.780,0.285,3.1%,14.7%,9.3%,19.0%,40.2%,30.3%,0.69,-4.1,-0.5%,-66.3,0
2004,Texas Rangers,0.274,0.344,0.432,0.776,0.301,2.9%,15.4%,8.6%,19.7%,43.8%,26.0%,0.81,5.1,4.0%,35.9,0
2004,Toronto Blue Jays,0.273,0.348,0.434,0.782,0.298,2.9%,15.2%,9.7%,17.9%,43.8%,28.1%,0.80,-2.0,-0.6%,-16.4,0
2003,Anaheim Angels,0.261,0.327,0.421,0.748,0.285,3.1%,15.9%,7.9%,20.0%,39.8%,29.5%,0.68,0.1,-0.9%,24.7,0
2003,Arizona Diamondbacks,0.250,0.322,0.388,0.710,0.299,2.4%,20.7%,8.4%,19.5%,46.0%,23.8%,0.91,14.0,6.6%,97.9,0
2003,Atlanta Braves,0.257,0.327,0.401,0.728,0.287,2.4%,15.9%,8.9%,18.6%,48.0%,25.1%,0.96,6.4,3.7%,12.1,1
2003,Baltimore Orioles,0.278,0.346,0.446,0.792,0.304,3.1%,15.4%,8.3%,18.2%,43.2%,29.6%,0.78,-3.6,-1.9%,-42.8,0
2003,Boston Red Sox,0.263,0.327,0.415,0.742,0.302,2.4%,18.0%,7.7%,15.8%,45.7%,29.4%,0.87,0.5,2.0%,1.0,1
2003,Chicago Cubs,0.241,0.324,0.372,0.697,0.297,2.3%,22.6%,9.9%,18.0%,47.1%,24.3%,0.95,11.9,12.0%,75.1,1
2003,Chicago White Sox,0.253,0.322,0.404,0.725,0.284,2.7%,17.4%,8.5%,18.6%,42.4%,28.7%,0.77,8.2,4.1%,68.8,0
2003,Cincinnati Reds,0.278,0.349,0.463,0.812,0.299,3.3%,14.5%,9.2%,22.2%,42.7%,25.7%,0.78,-10.8,-4.4%,-155.7,0
2003,Cleveland Indians,0.264,0.329,0.426,0.755,0.287,2.9%,15.1%,8.0%,17.9%,44.5%,27.4%,0.84,-2.8,-1.1%,2.0,0
2003,Colorado Rockies,0.290,0.359,0.470,0.829,0.310,3.1%,13.6%,8.7%,20.4%,44.3%,25.4%,0.83,-8.8,-3.6%,-106.2,0
2003,Detroit Tigers,0.286,0.352,0.461,0.813,0.299,3.1%,12.0%,8.7%,18.7%,43.5%,28.0%,0.80,-15.3,-0.9%,-171.2,0
2003,Florida Marlins,0.258,0.325,0.396,0.722,0.301,2.1%,18.4%,8.6%,17.8%,43.0%,28.4%,0.79,11.8,9.2%,50.3,1
2003,Houston Astros,0.248,0.326,0.397,0.722,0.285,2.6%,18.4%,9.2%,15.2%,46.6%,26.6%,0.92,8.8,8.5%,85.4,0
2003,Kansas City Royals,0.279,0.348,0.450,0.798,0.297,3.0%,13.6%,8.9%,18.7%,42.1%,28.9%,0.75,-1.4,-2.1%,-63.1,0
2003,Los Angeles Dodgers,0.234,0.306,0.354,0.660,0.285,2.1%,21.5%,8.8%,18.4%,48.2%,22.8%,0.99,20.6,11.8%,177.6,0
2003,Milwaukee Brewers,0.279,0.348,0.462,0.810,0.305,3.4%,16.0%,8.9%,20.8%,41.2%,26.4%,0.74,-11.8,-1.9%,-130.6,0
2003,Minnesota Twins,0.268,0.319,0.428,0.747,0.294,3.0%,16.0%,6.4%,16.6%,39.2%,32.7%,0.67,6.2,8.8%,37.3,1
2003,Montreal Expos,0.264,0.327,0.423,0.750,0.293,2.9%,16.7%,7.5%,18.4%,46.5%,25.8%,0.91,5.4,0.4%,40.8,0
2003,New York Mets,0.273,0.345,0.438,0.783,0.299,2.7%,14.6%,9.3%,17.5%,42.9%,28.9%,0.79,-4.0,-1.6%,-35.2,0
2003,New York Yankees,0.265,0.314,0.407,0.721,0.305,2.3%,18.0%,6.0%,18.3%,43.7%,28.2%,0.80,10.6,5.4%,66.0,1
2003,Oakland Athletics,0.246,0.314,0.376,0.689,0.277,2.3%,16.8%,8.2%,18.1%,47.3%,23.2%,0.94,14.4,14.3%,135.7,1
2003,Philadelphia Phillies,0.253,0.327,0.401,0.727,0.289,2.3%,17.1%,8.7%,19.6%,45.0%,23.5%,0.87,2.5,-1.7%,19.9,0
2003,Pittsburgh Pirates,0.272,0.336,0.431,0.767,0.297,2.8%,14.7%,8.0%,17.2%,45.9%,27.6%,0.90,-3.2,-0.3%,-47.8,0
2003,San Diego Padres,0.264,0.341,0.437,0.778,0.292,3.3%,17.3%,9.7%,18.4%,44.4%,26.8%,0.84,-13.6,-2.1%,-119.7,0
2003,San Francisco Giants,0.250,0.321,0.386,0.707,0.282,2.2%,16.5%,9.0%,18.1%,43.9%,27.5%,0.83,13.4,7.3%,106.4,1
2003,Seattle Mariners,0.247,0.311,0.388,0.699,0.272,2.9%,16.6%,7.7%,18.5%,39.5%,30.9%,0.67,9.6,7.7%,125.3,0
2003,St. Louis Cardinals,0.271,0.336,0.452,0.787,0.293,3.3%,15.2%,8.0%,19.8%,42.3%,27.9%,0.76,-4.8,-5.6%,-47.6,0
2003,Tampa Bay Devil Rays,0.264,0.347,0.440,0.788,0.280,3.1%,13.8%,10.1%,16.8%,40.8%,32.3%,0.71,-9.2,-2.2%,-95.2,0
2003,Texas Rangers,0.288,0.360,0.473,0.833,0.316,3.2%,15.7%,9.4%,20.4%,43.0%,27.8%,0.78,-8.0,-2.3%,-151.7,0
2003,Toronto Blue Jays,0.276,0.337,0.441,0.778,0.304,2.9%,15.7%,7.7%,18.8%,47.1%,25.3%,0.92,-3.5,-3.2%,-34.2,0
2002,Anaheim Angels,0.247,0.314,0.392,0.706,0.271,2.8%,16.4%,8.4%,26.3%,37.0%,29.3%,0.60,12.7,11.8%,140.8,1
2002,Arizona Diamondbacks,0.247,0.305,0.397,0.702,0.292,2.8%,21.5%,6.9%,26.7%,39.1%,25.8%,0.67,11.5,6.2%,81.5,1
2002,Atlanta Braves,0.240,0.313,0.364,0.677,0.275,2.0%,17.3%,9.0%,24.7%,42.9%,25.2%,0.79,20.3,9.5%,167.5,1
2002,Baltimore Orioles,0.266,0.336,0.435,0.770,0.288,3.3%,15.5%,8.8%,26.2%,41.3%,26.2%,0.72,-3.2,-0.2%,-7.2,0
2002,Boston Red Sox,0.246,0.308,0.385,0.693,0.284,2.4%,19.1%,7.1%,25.4%,41.4%,26.3%,0.72,8.5,5.0%,120.2,0
2002,Chicago Cubs,0.253,0.331,0.407,0.738,0.303,2.7%,21.4%,9.7%,28.4%,37.7%,24.8%,0.64,-7.9,-1.2%,-51.1,0
2002,Chicago White Sox,0.260,0.330,0.423,0.753,0.282,3.1%,15.4%,8.6%,25.2%,38.8%,28.1%,0.66,-2.9,-3.4%,-29.9,0
2002,Cincinnati Reds,0.269,0.338,0.426,0.764,0.297,2.8%,15.6%,8.7%,26.4%,40.8%,25.5%,0.72,0.2,-0.2%,-39.4,0
2002,Cleveland Indians,0.274,0.348,0.423,0.771,0.312,2.3%,16.9%,9.6%,27.4%,40.7%,25.6%,0.71,-6.7,-0.8%,-76.5,0
2002,Colorado Rockies,0.277,0.349,0.466,0.816,0.295,3.6%,14.5%,9.2%,27.1%,39.0%,26.3%,0.66,-8.4,-2.0%,-140.8,0
2002,Detroit Tigers,0.285,0.343,0.455,0.798,0.305,2.6%,12.8%,7.5%,27.4%,37.9%,27.3%,0.63,-11.4,-2.0%,-130.0,0
2002,Florida Marlins,0.262,0.341,0.415,0.756,0.300,2.4%,17.4%,10.0%,27.2%,37.9%,26.5%,0.64,0.3,-0.9%,-50.1,0
2002,Houston Astros,0.260,0.330,0.410,0.740,0.306,2.4%,19.7%,8.8%,27.7%,39.6%,24.1%,0.69,5.5,3.8%,44.2,0
2002,Kansas City Royals,0.281,0.349,0.464,0.812,0.299,3.3%,14.2%,9.0%,26.8%,38.3%,27.1%,0.64,-10.2,-1.7%,-81.1,0
2002,Los Angeles Dodgers,0.242,0.315,0.387,0.702,0.275,2.7%,18.4%,9.0%,25.6%,38.6%,27.5%,0.66,10.3,5.6%,52.7,0
2002,Milwaukee Brewers,0.268,0.352,0.442,0.794,0.296,3.1%,16.2%,10.5%,27.2%,37.5%,26.7%,0.64,-8.6,-1.0%,-116.7,0
2002,Minnesota Twins,0.261,0.318,0.421,0.739,0.288,3.0%,16.7%,7.2%,25.4%,34.5%,31.5%,0.54,12.1,3.7%,66.4,1
2002,Montreal Expos,0.265,0.329,0.421,0.751,0.301,2.6%,17.4%,8.1%,27.5%,41.5%,24.1%,0.74,-0.5,-2.2%,9.5,0
2002,New York Mets,0.256,0.327,0.403,0.730,0.292,2.6%,17.8%,8.7%,25.4%,39.0%,26.9%,0.67,2.2,2.0%,-1.7,0
2002,New York Yankees,0.256,0.309,0.395,0.705,0.295,2.3%,18.4%,6.5%,27.5%,38.9%,25.9%,0.66,12.4,4.8%,86.7,1
2002,Oakland Athletics,0.252,0.315,0.384,0.699,0.284,2.2%,16.6%,7.7%,25.7%,42.6%,24.7%,0.77,14.5,10.8%,122.7,1
2002,Philadelphia Phillies,0.252,0.328,0.401,0.730,0.286,2.5%,17.3%,9.2%,25.2%,42.7%,24.3%,0.78,-4.7,-2.7%,-28.0,0
2002,Pittsburgh Pirates,0.268,0.342,0.423,0.765,0.294,2.7%,15.0%,9.3%,26.5%,43.9%,22.7%,0.82,-1.3,0.6%,-21.9,0
2002,San Diego Padres,0.274,0.346,0.442,0.788,0.310,2.8%,17.5%,9.2%,28.4%,38.5%,25.7%,0.66,-11.3,-0.7%,-134.7,0
2002,San Francisco Giants,0.251,0.319,0.372,0.691,0.286,1.9%,16.4%,8.6%,27.1%,37.1%,27.8%,0.62,8.4,6.2%,82.5,1
2002,Seattle Mariners,0.257,0.315,0.410,0.724,0.286,2.9%,17.4%,7.2%,27.4%,35.8%,29.5%,0.57,7.3,5.2%,66.2,0
2002,St. Louis Cardinals,0.251,0.323,0.386,0.709,0.282,2.3%,16.5%,8.9%,27.0%,39.1%,26.5%,0.67,9.0,4.7%,67.9,1
2002,Tampa Bay Devil Rays,0.279,0.357,0.463,0.820,0.298,3.4%,14.4%,9.7%,28.1%,34.2%,29.9%,0.53,-16.0,-1.7%,-154.0,0
2002,Texas Rangers,0.272,0.355,0.451,0.806,0.301,3.0%,16.0%,10.4%,29.1%,38.3%,25.8%,0.64,-10.8,-2.5%,-85.8,0
2002,Toronto Blue Jays,0.269,0.344,0.431,0.775,0.297,2.8%,15.6%,9.3%,26.5%,39.2%,27.4%,0.67,-3.7,-2.7%,-38.3,0
2001,Anaheim Angels,0.263,0.331,0.412,0.744,0.288,2.7%,15.3%,8.5%,24.6%,41.8%,27.3%,0.74,4.0,2.5%,54.6,0
2001,Arizona Diamondbacks,0.247,0.311,0.404,0.715,0.288,3.2%,21.3%,7.6%,23.2%,38.3%,29.8%,0.65,14.0,15.8%,119.2,1
2001,Atlanta Braves,0.250,0.314,0.384,0.698,0.287,2.5%,18.6%,8.2%,23.0%,42.5%,27.8%,0.77,12.6,12.4%,125.8,1
2001,Baltimore Orioles,0.269,0.337,0.439,0.777,0.291,3.1%,15.0%,8.4%,24.6%,39.8%,28.3%,0.68,-7.5,-0.4%,-66.5,0
2001,Boston Red Sox,0.254,0.329,0.393,0.722,0.302,2.3%,20.1%,8.7%,24.2%,42.0%,26.0%,0.75,3.8,2.8%,47.2,0
2001,Chicago Cubs,0.249,0.321,0.398,0.719,0.299,2.7%,21.8%,8.9%,25.2%,40.8%,26.6%,0.72,4.1,1.3%,40.8,0
2001,Chicago White Sox,0.266,0.334,0.427,0.761,0.288,2.9%,14.9%,8.1%,24.2%,40.1%,27.6%,0.70,0.0,-1.9%,1.9,0
2001,Cincinnati Reds,0.279,0.341,0.455,0.796,0.302,3.1%,14.9%,8.1%,25.0%,40.8%,26.6%,0.72,-7.6,-1.2%,-69.2,0
2001,Cleveland Indians,0.270,0.341,0.417,0.757,0.319,2.3%,19.3%,9.1%,24.6%,41.9%,26.6%,0.75,1.2,1.3%,-29.9,1
2001,Colorado Rockies,0.275,0.350,0.480,0.830,0.299,3.8%,16.8%,9.5%,26.3%,38.1%,28.2%,0.64,-12.5,-4.6%,-80.2,0
2001,Detroit Tigers,0.289,0.357,0.461,0.818,0.311,2.8%,13.5%,8.7%,26.0%,40.2%,27.3%,0.69,-11.1,-2.7%,-119.0,0
2001,Florida Marlins,0.257,0.338,0.411,0.749,0.296,2.4%,18.0%,9.9%,23.8%,41.1%,26.9%,0.73,-2.6,-1.8%,-9.4,0
2001,Houston Astros,0.261,0.325,0.437,0.762,0.296,3.5%,19.7%,7.8%,25.3%,40.3%,27.3%,0.70,5.9,7.7%,21.4,1
2001,Kansas City Royals,0.276,0.348,0.450,0.797,0.295,3.3%,14.5%,9.2%,24.4%,41.6%,27.6%,0.74,-5.3,-1.7%,-48.4,0
2001,Los Angeles Dodgers,0.252,0.323,0.411,0.734,0.291,3.0%,19.6%,8.5%,23.8%,39.8%,27.9%,0.69,1.8,-0.3%,-8.3,0
2001,Milwaukee Brewers,0.265,0.350,0.440,0.791,0.294,3.1%,16.7%,10.5%,24.2%,41.0%,26.7%,0.73,-7.0,0.3%,-63.2,0
2001,Minnesota Twins,0.268,0.325,0.437,0.763,0.291,3.1%,15.6%,7.2%,25.0%,37.0%,30.7%,0.60,1.0,-0.9%,19.9,0
2001,Montreal Expos,0.272,0.339,0.441,0.780,0.307,3.0%,17.7%,8.4%,24.5%,40.3%,27.6%,0.70,-3.9,-0.3%,-57.7,0
2001,New York Mets,0.257,0.314,0.419,0.733,0.294,3.1%,19.5%,7.2%,23.5%,40.2%,28.4%,0.70,6.2,-0.6%,27.3,0
2001,New York Yankees,0.257,0.318,0.398,0.716,0.303,2.6%,20.5%,7.5%,24.5%,40.4%,27.6%,0.70,14.0,8.0%,76.6,1
2001,Oakland Athletics,0.249,0.308,0.380,0.688,0.285,2.5%,18.3%,7.2%,23.7%,45.0%,24.6%,0.84,12.5,4.8%,145.1,1
2001,Philadelphia Phillies,0.259,0.329,0.424,0.753,0.292,2.7%,17.5%,8.5%,24.4%,39.6%,28.3%,0.68,2.9,0.3%,27.5,0
2001,Pittsburgh Pirates,0.272,0.344,0.433,0.777,0.297,2.7%,14.6%,8.8%,24.0%,44.4%,24.9%,0.84,-10.9,-1.7%,-102.1,0
2001,San Diego Padres,0.269,0.330,0.450,0.780,0.297,3.5%,17.3%,7.6%,25.2%,39.1%,28.5%,0.66,-7.8,-4.0%,-85.8,0
2001,San Francisco Giants,0.258,0.329,0.404,0.732,0.294,2.3%,17.2%,9.2%,25.6%,38.4%,28.9%,0.65,5.2,4.4%,-2.5,0
2001,Seattle Mariners,0.236,0.301,0.378,0.679,0.262,2.6%,17.2%,7.6%,22.0%,38.0%,31.7%,0.63,18.0,4.0%,152.6,1
2001,St. Louis Cardinals,0.256,0.328,0.428,0.757,0.286,3.2%,17.7%,8.6%,25.4%,40.9%,26.2%,0.72,8.8,7.6%,75.8,1
2001,Tampa Bay Devil Rays,0.273,0.345,0.452,0.797,0.299,3.3%,16.4%,9.1%,25.4%,37.1%,30.8%,0.60,-10.4,-2.3%,-122.5,0
2001,Texas Rangers,0.293,0.362,0.494,0.856,0.314,3.4%,14.7%,9.2%,26.8%,37.3%,29.1%,0.61,-12.2,-3.4%,-171.6,0
2001,Toronto Blue Jays,0.275,0.339,0.435,0.774,0.309,2.6%,16.5%,7.8%,25.8%,43.0%,24.7%,0.78,5.3,1.0%,47.8,0
2000,Anaheim Angels,0.273,0.351,0.453,0.804,0.285,3.6%,13.2%,10.3%,24.3%,39.9%,29.7%,0.68,0.4,-2.3%,-6.1,0
2000,Arizona Diamondbacks,0.262,0.326,0.424,0.750,0.303,3.1%,19.8%,8.1%,24.8%,37.5%,29.6%,0.63,7.1,5.0%,67.4,0
2000,Atlanta Braves,0.258,0.319,0.402,0.721,0.292,2.7%,17.7%,7.9%,24.4%,43.2%,26.6%,0.79,12.5,6.9%,93.8,1
2000,Baltimore Orioles,0.275,0.352,0.449,0.801,0.301,3.1%,15.8%,10.3%,25.8%,39.6%,28.7%,0.67,-2.5,-3.9%,-84.9,0
2000,Boston Red Sox,0.257,0.322,0.411,0.733,0.291,2.8%,18.0%,8.0%,25.0%,40.4%,27.1%,0.70,15.1,11.5%,126.9,0
2000,Chicago Cubs,0.268,0.348,0.452,0.800,0.297,3.6%,17.7%,10.2%,25.0%,38.7%,28.6%,0.65,-7.6,-2.1%,-98.7,0
2000,Chicago White Sox,0.270,0.346,0.434,0.780,0.299,3.1%,16.4%,9.7%,25.5%,39.7%,28.2%,0.67,8.7,5.8%,30.8,1
2000,Cincinnati Reds,0.261,0.341,0.438,0.779,0.286,3.0%,16.0%,10.4%,24.8%,39.1%,28.3%,0.67,7.4,3.2%,59.7,0
2000,Cleveland Indians,0.270,0.350,0.425,0.774,0.315,2.7%,19.0%,10.4%,25.7%,41.7%,26.7%,0.73,3.4,6.6%,43.5,0
2000,Colorado Rockies,0.281,0.354,0.471,0.826,0.306,3.5%,15.8%,9.3%,26.7%,40.4%,27.0%,0.70,-0.6,-3.3%,1.8,0
2000,Detroit Tigers,0.280,0.340,0.443,0.782,0.308,2.8%,15.5%,7.9%,25.7%,41.8%,27.8%,0.73,2.3,0.0%,5.7,0
2000,Florida Marlins,0.269,0.348,0.429,0.777,0.302,2.7%,16.7%,10.3%,24.3%,40.3%,27.6%,0.70,1.5,-0.3%,-16.4,0
2000,Houston Astros,0.281,0.353,0.476,0.829,0.307,3.6%,16.5%,9.3%,25.7%,38.0%,29.6%,0.63,-11.2,-2.6%,-111.2,0
2000,Kansas City Royals,0.282,0.362,0.474,0.836,0.299,3.7%,14.4%,10.8%,25.6%,40.1%,28.7%,0.69,-7.5,-4.0%,-61.8,0
2000,Los Angeles Dodgers,0.252,0.332,0.407,0.739,0.288,2.8%,18.5%,9.6%,24.3%,41.9%,26.9%,0.75,3.0,-1.4%,57.3,0
2000,Milwaukee Brewers,0.269,0.357,0.420,0.776,0.295,2.7%,14.9%,11.2%,23.0%,41.2%,28.3%,0.73,1.3,-1.2%,-14.1,0
2000,Minnesota Twins,0.287,0.347,0.466,0.813,0.317,3.4%,16.5%,8.1%,26.9%,36.6%,29.7%,0.59,-1.5,-1.0%,-11.1,0
2000,Montreal Expos,0.282,0.353,0.449,0.802,0.314,2.9%,16.0%,9.1%,26.4%,39.9%,27.5%,0.69,-6.6,-1.7%,-95.5,0
2000,New York Mets,0.252,0.327,0.403,0.730,0.290,2.6%,18.6%,9.2%,25.7%,39.7%,26.7%,0.68,12.1,8.3%,57.7,1
2000,New York Yankees,0.263,0.336,0.422,0.758,0.293,2.8%,16.6%,9.2%,26.4%,38.0%,28.3%,0.63,3.4,3.1%,27.2,1
2000,Oakland Athletics,0.274,0.348,0.423,0.770,0.304,2.5%,15.2%,9.7%,25.1%,43.0%,26.1%,0.77,2.3,4.6%,21.7,1
2000,Philadelphia Phillies,0.265,0.343,0.448,0.791,0.297,3.2%,17.8%,10.1%,24.8%,37.1%,29.9%,0.61,-3.4,-0.6%,-27.0,0
2000,Pittsburgh Pirates,0.277,0.361,0.432,0.793,0.313,2.5%,16.4%,10.9%,24.9%,44.2%,24.7%,0.83,-7.6,-1.2%,-77.8,0
2000,San Diego Padres,0.258,0.340,0.416,0.756,0.286,3.0%,16.7%,10.1%,24.8%,39.6%,28.3%,0.68,-1.5,-1.7%,-30.1,0
2000,San Francisco Giants,0.266,0.342,0.412,0.754,0.303,2.4%,17.2%,9.9%,25.7%,38.6%,28.3%,0.66,4.1,4.3%,38.4,1
2000,Seattle Mariners,0.262,0.339,0.416,0.755,0.290,2.7%,15.9%,10.1%,25.2%,38.2%,29.3%,0.64,9.0,11.5%,48.2,1
2000,St. Louis Cardinals,0.259,0.338,0.434,0.771,0.290,3.2%,17.7%,9.8%,26.2%,37.8%,28.5%,0.63,6.5,3.4%,38.1,1
2000,Tampa Bay Devil Rays,0.278,0.345,0.451,0.796,0.302,3.2%,15.2%,8.5%,25.9%,41.6%,26.9%,0.73,-1.3,-2.5%,-2.8,0
2000,Texas Rangers,0.294,0.369,0.475,0.845,0.317,3.1%,14.0%,10.1%,28.5%,36.3%,28.7%,0.58,-9.3,-2.9%,-121.1,0
2000,Toronto Blue Jays,0.285,0.354,0.456,0.809,0.313,3.1%,15.3%,8.8%,27.1%,39.3%,27.8%,0.66,2.6,1.8%,-46.3,0